Date,PM2.5,PM10,NO2,NH3,SO2,CO,Ozone,AT,AQI,AQI_Standard
2019-05-31,26.02,53.4,15.46,10.46,1.35,0.23,27.97,30.51,53.4,Satisfactory
2019-06-01,35.55,55.18,20.04,2.41,1.49,0.31,22.76,29.78,59.25,Satisfactory
2019-06-02,24.13,45.5,15.1,5.05,2.77,0.27,26.67,29.56,45.5,Good
2019-06-03,26.11,46.3,20.25,1.9,3.2,0.38,40.34,29.45,46.3,Good
2019-06-04,25.9,46.33,15.31,4.26,3.27,0.3,25.76,29.39,46.33,Good
2019-06-05,24.05,39.08,13.33,1.06,1.52,0.31,22.89,29.37,40.08,Good
2019-06-06,19.16,32.48,18.95,3.28,1.53,0.35,24.92,29.34,32.48,Good
2019-06-07,18.88,33.34,21.61,3.69,1.69,0.37,28.0,28.36,33.34,Good
2019-06-08,12.61,26.78,17.23,4.09,1.73,0.31,26.64,30.04,26.78,Good
2019-06-09,26.32,39.42,29.3,36.86,3.75,0.3,28.56,31.09,43.87,Good
2019-06-10,29.29,50.07,9.36,2.94,1.21,0.29,32.75,31.24,50.07,Satisfactory
2019-06-11,28.11,50.42,15.9,10.95,1.2,0.27,34.11,31.26,50.42,Satisfactory
2019-06-12,32.32,63.85,10.82,2.81,1.41,0.27,31.26,31.32,63.85,Satisfactory
2019-06-13,45.17,73.26,23.73,6.21,4.87,0.46,55.31,29.84,75.28,Satisfactory
2019-06-14,51.5,89.48,20.08,4.32,1.51,0.47,53.99,31.7,89.48,Satisfactory
2019-06-15,34.11,62.57,24.79,6.95,2.56,0.33,29.04,29.34,62.57,Satisfactory
2019-06-16,30.66,58.42,14.71,4.07,5.27,0.28,35.37,31.09,58.42,Satisfactory
2019-06-17,50.32,100.63,21.91,4.67,4.26,0.45,30.9,30.94,100.42,Moderately Polluted
2019-06-18,48.7,86.99,29.09,5.26,1.54,0.46,24.01,30.16,86.99,Satisfactory
2019-06-19,50.8,95.37,29.7,2.55,1.55,0.44,32.45,30.29,95.37,Satisfactory
2019-06-20,40.27,76.12,29.35,2.63,2.37,0.4,18.68,30.36,76.12,Satisfactory
2019-06-21,21.06,41.79,26.49,2.47,1.25,0.33,17.58,30.39,41.79,Good
2019-06-22,19.09,34.11,19.63,6.7,1.68,0.24,23.43,30.41,34.11,Good
2019-06-23,15.9,33.62,16.96,10.98,1.37,0.22,20.34,30.41,33.62,Good
2019-06-24,31.79,57.45,15.38,4.12,2.5,0.24,29.69,30.41,57.45,Satisfactory
2019-06-25,22.54,48.01,11.95,10.3,3.24,0.21,32.61,30.41,48.01,Good
2019-06-26,18.22,39.66,8.36,15.19,2.72,0.18,30.03,30.41,39.66,Good
2019-06-27,23.3,44.11,9.77,26.34,3.36,0.2,31.25,30.42,44.11,Good
2019-06-28,30.45,52.04,6.82,10.18,4.44,0.28,54.48,29.21,54.48,Satisfactory
2019-06-29,44.09,79.14,6.54,6.05,3.06,0.42,48.31,28.91,79.14,Satisfactory
2019-06-30,44.58,87.07,7.62,3.9,2.17,0.55,24.55,27.82,87.07,Satisfactory
2019-07-01,26.04,57.63,8.23,3.7,1.93,0.4,29.79,28.31,57.63,Satisfactory
2019-07-02,18.77,31.49,8.27,4.92,4.23,0.36,40.9,27.98,40.9,Good
2019-07-03,20.96,38.89,8.48,3.98,2.05,0.36,44.69,28.29,44.69,Good
2019-07-04,32.27,66.38,7.85,12.59,2.68,0.37,47.43,29.8,66.38,Satisfactory
2019-07-05,31.86,66.14,11.47,27.57,2.05,0.43,24.69,28.85,66.14,Satisfactory
2019-07-06,31.03,55.43,9.64,27.46,5.3,0.38,28.72,27.86,55.43,Satisfactory
2019-07-07,20.27,41.07,4.94,21.04,6.07,0.27,26.99,28.15,41.07,Good
2019-07-08,28.75,59.14,4.51,16.11,7.68,0.22,34.66,29.29,59.14,Satisfactory
2019-07-09,21.9,56.02,4.65,55.7,8.91,0.24,31.16,29.56,56.02,Satisfactory
2019-07-10,24.89,52.15,4.44,47.28,6.15,0.29,30.05,28.91,52.15,Satisfactory
2019-07-11,26.74,53.67,12.69,108.53,7.35,0.24,28.58,29.08,53.67,Satisfactory
2019-07-12,26.21,53.79,3.6,68.02,11.49,0.26,31.05,29.32,53.79,Satisfactory
2019-07-13,32.96,67.56,0.94,89.06,12.04,0.27,42.33,30.06,67.56,Satisfactory
2019-07-14,39.6,72.73,1.49,174.55,19.37,0.31,51.25,30.88,72.73,Satisfactory
2019-07-15,49.49,92.56,6.81,284.6,15.88,0.31,51.45,31.23,92.56,Satisfactory
2019-07-16,41.32,81.93,9.14,205.75,11.95,0.44,31.46,28.49,81.93,Satisfactory
2019-07-17,62.38,124.2,14.68,30.16,4.51,0.61,30.44,30.16,116.13,Moderately Polluted
2019-07-18,45.4,102.08,16.67,7.41,6.7,0.32,17.45,30.68,101.39,Moderately Polluted
2019-07-19,16.47,36.43,11.85,8.9,3.21,0.19,19.0,30.37,36.43,Good
2019-07-20,23.22,47.99,12.19,9.64,2.95,0.18,23.48,29.91,47.99,Good
2019-07-21,24.25,47.12,11.04,5.72,6.16,0.2,28.71,29.96,47.12,Good
2019-07-22,19.64,37.21,12.44,15.79,3.28,0.15,18.07,30.01,37.21,Good
2019-07-23,13.56,30.9,11.79,4.72,5.23,0.15,15.42,30.09,30.9,Good
2019-07-24,13.25,33.2,17.63,3.83,7.91,0.2,20.76,29.65,33.2,Good
2019-07-25,36.82,71.24,30.09,3.73,14.99,0.36,33.17,28.91,71.24,Satisfactory
2019-07-26,29.59,53.61,27.74,6.91,5.16,0.35,24.08,27.47,53.61,Satisfactory
2019-07-27,26.9,47.59,29.06,7.45,3.32,0.37,17.67,27.84,47.59,Good
2019-07-28,11.65,27.94,16.11,6.14,2.96,0.22,19.61,27.9,27.94,Good
2019-07-29,11.51,21.74,21.16,5.21,2.58,0.35,21.25,27.04,26.45,Good
2019-07-30,21.01,45.25,21.8,5.5,3.55,0.38,18.62,27.92,45.25,Good
2019-07-31,22.33,47.45,22.73,5.12,4.65,0.48,24.71,28.48,47.45,Good
2019-08-01,23.52,47.98,26.9,6.35,8.67,0.43,24.12,29.01,47.98,Good
2019-08-02,17.54,34.74,22.09,10.18,8.12,0.54,16.83,28.24,34.74,Good
2019-08-03,30.14,49.8,16.2,27.37,8.81,0.63,14.98,28.09,50.23,Satisfactory
2019-08-04,39.56,64.92,6.53,12.87,4.2,0.81,18.08,28.02,65.93,Satisfactory
2019-08-05,35.01,60.37,15.75,4.79,2.93,0.7,20.56,29.26,60.37,Satisfactory
2019-08-06,26.99,48.07,24.99,7.29,3.06,0.54,14.3,28.28,48.07,Good
2019-08-07,8.15,15.39,13.19,14.42,1.68,0.24,22.94,26.7,22.94,Good
2019-08-08,12.39,23.84,15.15,12.07,2.62,0.25,15.24,26.77,23.84,Good
2019-08-09,24.57,55.0,27.34,13.47,3.88,0.29,17.81,28.67,55.0,Satisfactory
2019-08-10,34.64,63.34,30.0,10.89,4.26,0.59,23.61,28.48,63.34,Satisfactory
2019-08-11,46.02,75.46,29.17,11.04,3.3,0.61,23.57,29.4,76.7,Satisfactory
2019-08-12,25.51,53.7,26.42,15.72,2.76,0.52,14.43,27.58,53.7,Satisfactory
2019-08-13,16.84,29.2,18.68,14.04,1.59,0.3,21.23,26.98,29.2,Good
2019-08-14,34.86,61.13,20.21,11.05,2.0,0.26,22.99,28.09,61.13,Satisfactory
2019-08-15,28.48,44.77,17.97,8.66,2.34,0.29,23.71,26.93,47.47,Good
2019-08-16,33.29,58.36,25.62,9.82,3.04,0.33,21.1,27.89,58.36,Satisfactory
2019-08-17,26.66,35.89,27.87,9.29,1.82,0.38,14.6,24.94,44.43,Good
2019-08-18,20.45,29.66,16.88,9.35,2.42,0.28,23.97,26.24,34.08,Good
2019-08-19,18.55,32.46,18.88,13.83,2.44,0.24,19.65,28.49,32.46,Good
2019-08-20,28.11,52.76,24.28,14.85,5.7,0.27,23.18,28.87,52.76,Satisfactory
2019-08-21,34.28,60.72,25.98,11.98,2.32,0.32,16.58,29.51,60.72,Satisfactory
2019-08-22,35.34,72.14,28.63,16.46,2.84,0.33,13.05,28.62,72.14,Satisfactory
2019-08-23,23.46,39.4,23.46,12.69,1.53,0.4,10.97,28.01,39.4,Good
2019-08-24,28.18,46.61,32.26,12.07,1.29,0.45,6.17,26.92,46.97,Good
2019-08-25,19.29,36.46,24.33,12.22,1.68,0.31,16.15,26.95,36.46,Good
2019-08-26,17.6,34.94,18.37,15.0,7.56,0.35,20.65,27.08,34.94,Good
2019-08-27,19.75,40.05,28.77,17.64,1.66,0.34,7.9,28.12,40.05,Good
2019-08-28,29.1,51.72,30.41,14.91,1.81,0.45,7.78,28.09,51.72,Satisfactory
2019-08-29,21.49,39.41,30.57,15.67,1.41,0.4,5.08,27.72,39.41,Good
2019-08-30,25.43,46.23,23.98,16.49,1.62,0.33,7.1,29.17,46.23,Good
2019-08-31,23.88,47.74,16.11,20.54,3.83,0.32,8.34,29.6,47.74,Good
2019-09-01,36.31,62.66,25.09,25.92,4.98,0.36,16.6,28.61,62.66,Satisfactory
2019-09-02,20.98,40.1,27.81,32.05,3.32,0.43,16.44,28.47,40.1,Good
2019-09-03,16.04,28.36,22.78,103.33,3.87,0.34,11.84,27.74,28.48,Good
2019-09-04,15.42,31.63,9.95,6.97,3.55,0.28,9.18,28.63,31.63,Good
2019-09-05,15.88,28.97,15.46,13.51,3.63,0.3,12.22,28.17,28.97,Good
2019-09-06,15.37,32.34,17.71,17.01,3.56,0.29,11.74,28.89,32.34,Good
2019-09-07,19.26,31.98,19.44,16.89,3.66,0.38,9.2,27.35,32.1,Good
2019-09-08,16.09,36.12,18.63,13.76,3.59,0.3,10.33,27.5,36.12,Good
2019-09-09,23.84,40.94,16.39,11.03,5.76,0.26,19.51,28.61,40.94,Good
2019-09-10,24.99,46.69,12.24,14.51,4.95,0.23,22.38,29.19,46.69,Good
2019-09-11,22.46,38.59,19.32,12.45,6.32,0.35,17.41,27.63,38.59,Good
2019-09-12,29.18,43.01,24.76,13.55,4.07,0.35,8.27,26.41,48.63,Good
2019-09-13,21.68,41.65,20.59,10.85,4.96,0.26,16.89,27.82,41.65,Good
2019-09-14,29.04,56.61,21.45,9.32,6.54,0.27,35.49,28.62,56.61,Satisfactory
2019-09-15,29.3,58.97,17.27,7.72,10.14,0.22,43.85,29.33,58.97,Satisfactory
2019-09-16,27.67,50.21,17.82,7.45,6.85,0.24,30.86,29.3,50.21,Satisfactory
2019-09-17,22.78,42.0,21.95,6.0,5.68,0.22,22.99,30.02,42.0,Good
2019-09-18,15.96,31.27,18.27,5.81,3.91,0.3,23.5,28.72,31.27,Good
2019-09-19,7.98,28.47,22.03,9.03,3.99,0.34,18.41,28.4,28.47,Good
2019-09-20,34.44,63.75,28.94,8.13,4.88,0.58,24.4,27.82,63.75,Satisfactory
2019-09-21,36.47,69.56,29.15,5.55,5.41,0.65,26.94,26.7,69.56,Satisfactory
2019-09-22,30.49,51.06,25.46,6.35,3.78,0.46,27.11,27.55,51.06,Satisfactory
2019-09-23,18.93,39.67,23.57,6.85,3.64,0.37,21.2,28.32,39.67,Good
2019-09-24,10.32,22.11,17.76,7.89,3.6,0.26,21.05,25.9,22.2,Good
2019-09-25,23.76,36.6,26.13,7.07,3.28,0.49,16.9,24.94,39.6,Good
2019-09-26,25.38,39.23,27.27,7.03,3.74,0.49,22.14,25.51,42.3,Good
2019-09-27,25.58,43.38,27.21,8.12,3.8,0.52,23.87,25.94,43.38,Good
2019-09-28,30.22,48.95,28.49,6.68,4.13,0.59,18.65,25.16,50.37,Satisfactory
2019-09-29,20.66,32.06,25.1,5.86,3.39,0.38,21.39,25.15,34.43,Good
2019-09-30,18.19,36.93,23.62,6.15,3.96,0.37,23.37,26.54,36.93,Good
2019-10-01,34.76,70.91,26.38,5.0,6.0,0.46,30.09,28.02,70.91,Satisfactory
2019-10-02,55.51,93.01,28.66,5.61,5.04,0.63,33.1,28.59,93.01,Satisfactory
2019-10-03,40.73,69.89,32.43,5.12,3.81,0.56,24.97,27.13,69.89,Satisfactory
2019-10-04,37.28,61.91,27.0,5.78,6.48,0.45,31.53,28.24,62.13,Satisfactory
2019-10-05,48.39,70.34,28.13,5.19,4.83,0.64,29.29,27.5,80.65,Satisfactory
2019-10-06,52.98,74.36,29.1,4.31,6.22,0.54,30.1,27.91,88.3,Satisfactory
2019-10-07,45.0,63.38,27.79,4.21,3.89,0.59,27.91,26.35,75.0,Satisfactory
2019-10-08,30.53,43.93,24.62,4.33,3.44,0.58,25.46,27.05,50.88,Satisfactory
2019-10-09,18.19,24.8,22.52,5.27,3.37,0.34,22.89,24.72,30.32,Good
2019-10-10,19.95,32.65,20.54,3.92,4.74,0.43,26.58,25.77,33.25,Good
2019-10-11,44.83,71.47,29.62,4.54,5.58,0.8,30.56,26.93,74.72,Satisfactory
2019-10-12,55.49,88.97,32.55,4.28,4.0,0.87,32.35,27.14,92.48,Satisfactory
2019-10-13,76.86,112.91,29.44,4.84,6.29,0.57,32.53,27.09,156.2,Moderately Polluted
2019-10-14,76.19,119.36,30.86,6.28,4.9,0.52,39.72,26.85,153.97,Moderately Polluted
2019-10-15,74.57,120.16,31.56,8.7,4.78,0.57,45.92,27.1,148.57,Moderately Polluted
2019-10-16,69.83,101.01,41.9,11.95,3.34,0.67,35.98,26.44,132.77,Moderately Polluted
2019-10-17,60.34,94.43,36.9,9.11,5.28,0.78,27.39,25.51,101.13,Moderately Polluted
2019-10-18,87.81,130.18,52.16,6.82,5.42,1.08,25.47,27.3,192.7,Moderately Polluted
2019-10-19,79.13,126.82,42.34,7.58,3.95,0.8,35.51,28.33,163.77,Moderately Polluted
2019-10-20,80.21,118.22,35.42,7.11,4.3,0.63,49.55,27.87,167.37,Moderately Polluted
2019-10-21,112.51,156.81,32.23,8.35,6.93,0.58,46.7,27.53,275.03,Poor
2019-10-22,79.22,121.04,34.68,9.04,7.73,0.72,40.89,27.3,164.07,Moderately Polluted
2019-10-23,110.45,156.47,43.68,10.18,5.62,0.97,41.46,25.95,268.17,Poor
2019-10-24,42.77,57.69,33.53,9.08,3.09,0.5,26.17,22.7,71.28,Satisfactory
2019-10-25,20.97,46.03,24.96,7.87,3.0,0.44,8.16,22.44,46.03,Good
2019-10-26,39.35,82.37,23.16,6.87,4.79,0.6,16.96,23.12,82.37,Satisfactory
2019-10-27,105.84,156.13,23.79,6.26,4.79,0.57,14.63,24.52,252.8,Poor
2019-10-28,130.12,184.44,27.99,6.95,5.68,0.49,18.67,24.59,307.78,Very poor
2019-10-29,104.15,163.42,28.09,7.96,5.4,0.56,15.76,24.17,247.17,Poor
2019-10-30,76.01,171.44,27.28,7.77,4.29,0.76,27.35,24.49,153.37,Moderately Polluted
2019-10-31,59.0,213.77,36.8,10.54,4.26,1.0,37.46,24.51,175.85,Moderately Polluted
2019-11-01,120.35,235.15,45.83,10.38,6.53,1.16,45.87,24.76,300.27,Very poor
2019-11-02,87.31,176.62,42.18,9.59,6.48,0.82,43.31,25.09,191.03,Moderately Polluted
2019-11-03,72.55,150.36,35.53,9.26,4.55,0.71,43.22,25.21,141.83,Moderately Polluted
2019-11-04,95.91,175.41,44.01,10.57,4.28,1.06,40.99,25.01,219.7,Poor
2019-11-05,157.0,275.3,42.99,10.81,6.16,1.27,45.1,24.92,328.46,Very poor
2019-11-06,175.93,286.28,42.49,12.83,5.57,1.41,44.25,23.76,343.02,Very poor
2019-11-07,105.74,203.22,63.36,13.72,8.99,0.9,39.43,23.32,252.47,Poor
2019-11-08,60.58,108.66,40.22,13.5,3.95,0.6,26.86,23.43,105.77,Moderately Polluted
2019-11-09,13.2,20.97,20.23,9.94,3.19,0.39,31.92,22.61,31.92,Good
2019-11-10,22.74,44.96,19.49,7.25,4.79,0.4,36.1,24.17,44.96,Good
2019-11-11,43.64,81.68,30.11,6.57,4.62,0.89,29.2,23.95,81.68,Satisfactory
2019-11-12,125.48,231.51,51.47,6.8,6.9,1.73,37.72,23.64,304.22,Very poor
2019-11-13,121.63,234.91,62.27,10.56,9.78,1.32,44.88,22.71,301.25,Very poor
2019-11-14,111.44,204.56,57.95,13.05,7.32,1.36,38.83,23.04,271.47,Poor
2019-11-15,104.65,196.07,49.99,12.79,6.54,1.31,37.83,23.65,248.83,Poor
2019-11-16,106.91,202.74,56.76,13.99,7.39,1.18,42.57,23.59,256.37,Poor
2019-11-17,103.83,202.72,54.45,12.8,6.85,1.12,32.03,22.99,246.1,Poor
2019-11-18,137.05,261.26,73.23,11.81,7.66,1.66,30.31,22.82,313.12,Very poor
2019-11-19,125.74,250.52,70.82,13.78,7.8,1.32,36.39,22.32,304.42,Very poor
2019-11-20,119.36,229.27,69.53,15.69,7.77,1.43,23.02,21.84,297.87,Poor
2019-11-21,110.58,205.7,57.93,22.57,6.51,1.0,29.58,21.31,268.6,Poor
2019-11-22,107.69,206.94,63.04,19.65,9.86,1.1,19.17,21.29,258.97,Poor
2019-11-23,133.18,249.03,74.89,20.47,9.17,1.4,20.9,21.63,310.14,Very poor
2019-11-24,146.99,264.67,71.79,18.83,7.18,1.27,14.92,21.6,320.76,Very poor
2019-11-25,142.46,250.31,78.2,19.26,6.46,1.52,27.93,22.11,317.28,Very poor
2019-11-26,137.05,251.67,73.11,20.52,4.99,1.69,17.52,22.75,313.12,Very poor
2019-11-27,135.22,249.83,63.59,20.56,5.41,1.19,32.25,22.98,311.71,Very poor
2019-11-28,81.84,149.4,53.83,20.05,5.28,0.86,25.1,22.93,172.8,Moderately Polluted
2019-11-29,112.77,203.39,68.47,18.94,6.97,1.56,27.52,22.82,275.9,Poor
2019-11-30,130.11,251.2,77.78,17.43,13.54,1.48,12.92,22.71,307.78,Very poor
2019-12-01,117.93,214.23,73.65,16.78,6.03,1.18,13.6,21.61,293.1,Poor
2019-12-02,104.51,198.61,73.6,17.86,5.53,1.08,22.59,21.25,248.37,Poor
2019-12-03,122.59,232.56,77.0,20.34,8.71,1.17,25.58,19.9,301.99,Very poor
2019-12-04,137.2,262.44,75.37,18.83,12.62,1.23,12.85,20.29,313.23,Very poor
2019-12-05,105.53,201.13,58.61,19.45,10.29,0.9,32.69,20.09,251.77,Poor
2019-12-06,89.56,160.25,64.05,18.46,4.93,1.05,28.49,21.02,198.53,Moderately Polluted
2019-12-07,84.47,178.14,74.01,18.94,6.87,1.23,20.77,21.88,181.57,Moderately Polluted
2019-12-08,103.82,202.61,75.54,19.07,9.27,1.31,14.28,21.83,246.07,Poor
2019-12-09,72.24,152.75,53.22,17.99,7.89,0.77,32.35,22.07,140.8,Moderately Polluted
2019-12-10,66.48,102.16,74.0,15.38,2.83,0.61,12.3,16.98,121.6,Moderately Polluted
2019-12-11,77.9,139.7,64.09,21.93,6.65,0.74,41.33,23.08,159.67,Moderately Polluted
2019-12-12,75.57,144.37,66.51,19.3,5.78,0.92,30.14,21.41,151.9,Moderately Polluted
2019-12-13,123.11,219.35,67.92,20.44,7.42,1.08,37.33,21.67,302.39,Very poor
2019-12-14,146.93,268.39,78.93,20.69,9.78,1.29,30.9,21.9,320.72,Very poor
2019-12-15,111.0,204.32,52.72,19.73,7.4,0.91,40.27,21.1,270.0,Poor
2019-12-16,74.18,146.35,57.62,17.33,11.82,0.72,30.32,20.71,147.27,Moderately Polluted
2019-12-17,87.11,171.5,53.63,17.29,13.4,0.75,37.76,20.36,190.37,Moderately Polluted
2019-12-18,87.53,169.95,42.77,16.13,11.71,0.68,43.87,17.54,191.77,Moderately Polluted
2019-12-19,89.65,164.57,40.57,16.37,12.62,0.65,34.11,15.46,198.83,Moderately Polluted
2019-12-20,110.46,200.33,48.49,17.88,9.14,0.95,35.29,14.9,268.2,Poor
2019-12-21,157.25,279.64,71.09,19.73,12.32,1.34,31.53,15.58,328.65,Very poor
2019-12-22,149.12,253.35,57.12,20.75,5.69,1.05,33.0,15.09,322.4,Very poor
2019-12-23,160.21,267.9,58.66,22.45,9.37,1.1,41.54,17.51,330.93,Very poor
2019-12-24,159.79,278.24,66.27,23.9,11.46,1.37,40.31,16.76,330.61,Very poor
2019-12-25,131.93,263.64,93.6,24.76,8.56,1.69,38.17,17.83,309.18,Very poor
2019-12-26,133.3,233.16,75.62,25.2,8.41,1.22,27.51,16.13,310.23,Very poor
2019-12-27,108.86,176.71,47.85,21.43,13.17,0.82,41.37,15.03,262.87,Poor
2019-12-28,151.9,266.86,59.89,22.45,17.73,1.11,36.7,14.58,324.54,Very poor
2019-12-29,119.15,212.8,57.61,22.18,13.94,0.79,41.09,15.68,297.17,Poor
2019-12-30,144.42,271.9,66.84,22.76,14.42,1.28,40.05,15.21,318.78,Very poor
2019-12-31,151.94,270.72,76.26,24.0,13.27,1.49,33.18,15.97,324.57,Very poor
2020-01-01,163.76,302.98,81.02,24.17,13.68,1.51,34.82,17.15,333.66,Very poor
2020-01-02,142.78,267.45,76.64,24.75,13.16,1.23,32.28,19.09,317.52,Very poor
2020-01-03,67.53,107.17,48.81,23.33,5.87,0.64,10.01,16.82,125.1,Moderately Polluted
2020-01-04,57.31,113.99,50.86,20.06,5.39,1.16,13.75,16.56,109.33,Moderately Polluted
2020-01-05,94.96,179.65,42.57,19.84,5.2,1.32,15.36,16.18,216.53,Poor
2020-01-06,110.24,207.6,58.66,18.14,7.8,1.39,31.92,15.85,267.47,Poor
2020-01-07,127.67,224.38,48.99,21.09,10.14,1.06,32.0,15.56,305.9,Very poor
2020-01-08,145.46,258.08,60.06,21.66,6.94,1.36,34.66,17.26,319.58,Very poor
2020-01-09,107.95,196.4,73.32,23.38,7.46,1.23,18.37,17.6,259.83,Poor
2020-01-10,104.52,187.01,57.81,20.2,11.34,0.96,30.08,17.33,248.4,Poor
2020-01-11,100.57,189.77,52.85,19.38,10.98,1.06,42.49,15.24,235.23,Poor
2020-01-12,99.29,177.63,51.44,19.9,8.86,0.81,16.18,15.79,230.97,Poor
2020-01-13,113.7,215.84,74.81,20.68,8.01,1.19,28.37,15.86,279.0,Poor
2020-01-14,190.29,345.5,106.7,24.14,10.26,2.33,37.58,16.76,354.07,Very poor
2020-01-15,200.82,370.86,117.83,26.29,20.68,2.46,46.07,18.16,362.17,Very poor
2020-01-16,173.61,332.2,109.45,26.54,13.52,1.87,46.19,19.56,341.24,Very poor
2020-01-17,124.99,236.01,93.35,26.74,11.82,1.57,37.73,20.07,303.84,Very poor
2020-01-18,99.68,192.24,85.82,24.61,16.95,1.04,36.83,19.99,232.27,Poor
2020-01-19,98.02,188.09,55.73,23.94,16.43,0.79,43.15,19.84,226.73,Poor
2020-01-20,87.52,158.38,49.69,20.1,11.81,0.75,38.23,17.87,191.73,Moderately Polluted
2020-01-21,99.1,194.13,62.98,20.88,9.55,1.04,45.08,17.1,230.33,Poor
2020-01-22,131.85,248.29,89.32,24.81,8.03,1.02,32.36,17.77,309.12,Very poor
2020-01-23,142.26,256.28,76.63,24.55,11.31,0.99,40.47,18.69,317.12,Very poor
2020-01-24,102.93,200.67,68.61,20.7,11.21,0.93,43.48,17.55,243.1,Poor
2020-01-25,84.36,167.78,70.65,20.77,10.48,0.83,48.58,16.25,181.2,Moderately Polluted
2020-01-26,137.6,258.14,80.9,23.43,8.5,1.35,50.85,16.61,313.54,Very poor
2020-01-27,140.74,254.26,83.78,24.69,7.21,1.34,33.5,16.66,315.95,Very poor
2020-01-28,133.79,237.16,83.92,26.74,10.99,1.32,50.6,19.04,310.61,Very poor
2020-01-29,62.06,106.7,42.6,26.41,5.65,0.62,49.76,20.4,106.87,Moderately Polluted
2020-01-30,73.18,129.98,48.36,24.34,5.83,0.98,29.27,19.68,143.93,Moderately Polluted
2020-01-31,100.35,184.14,59.98,23.54,7.38,1.12,45.36,18.66,234.5,Poor
2020-02-01,76.09,150.69,67.12,24.17,10.86,0.96,57.44,19.06,153.63,Moderately Polluted
2020-02-02,85.65,169.7,69.28,23.55,9.37,0.9,51.67,17.38,185.5,Moderately Polluted
2020-02-03,78.32,144.44,70.11,25.17,7.52,0.88,43.51,16.79,161.07,Moderately Polluted
2020-02-04,86.06,152.52,91.85,23.99,14.83,1.26,37.71,17.39,186.87,Moderately Polluted
2020-02-05,101.63,181.29,91.1,24.35,16.6,1.32,36.47,19.66,238.77,Poor
2020-02-06,57.46,133.86,74.62,24.33,9.12,1.04,51.82,19.48,122.57,Moderately Polluted
2020-02-07,33.4,148.16,77.98,25.8,8.9,1.03,45.98,19.19,132.11,Moderately Polluted
2020-02-08,60.22,202.87,73.37,28.16,18.17,1.09,29.84,17.72,168.58,Moderately Polluted
2020-02-09,51.55,147.48,59.34,25.48,13.91,0.74,29.95,18.79,131.65,Moderately Polluted
2020-02-10,63.93,150.4,76.63,23.83,11.87,0.78,31.3,17.56,133.6,Moderately Polluted
2020-02-11,105.28,181.41,92.16,23.65,11.31,1.15,44.52,17.71,250.93,Poor
2020-02-12,94.53,177.76,108.16,23.13,12.37,1.63,44.83,17.79,215.1,Poor
2020-02-13,99.31,190.26,113.79,24.61,9.76,1.37,36.22,18.89,231.03,Poor
2020-02-14,91.69,174.77,105.56,27.7,14.59,1.38,43.97,20.54,205.63,Poor
2020-02-15,65.72,125.62,84.35,25.78,8.98,1.02,44.82,20.7,119.07,Moderately Polluted
2020-02-16,90.5,171.57,82.77,29.38,9.76,1.17,48.78,20.74,201.67,Poor
2020-02-17,90.49,162.83,80.49,30.32,9.45,1.09,49.92,21.14,201.63,Poor
2020-02-18,84.45,154.09,69.37,30.65,10.84,0.97,50.6,21.55,181.5,Moderately Polluted
2020-02-19,72.72,122.58,52.98,28.08,32.92,0.67,46.31,22.27,142.4,Moderately Polluted
2020-02-20,52.03,93.59,49.45,21.81,24.99,0.53,43.65,22.87,93.59,Satisfactory
2020-02-21,74.44,132.71,80.86,23.32,10.98,0.96,40.45,22.18,148.13,Moderately Polluted
2020-02-22,96.89,175.97,84.09,22.06,12.27,1.24,49.17,22.58,222.97,Poor
2020-02-23,80.4,157.45,64.29,27.73,8.67,0.89,39.06,23.22,168.0,Moderately Polluted
2020-02-24,97.74,186.97,79.75,30.16,9.94,1.26,26.22,21.64,225.8,Poor
2020-02-25,68.73,114.74,65.47,32.74,4.31,0.93,13.97,19.71,129.1,Moderately Polluted
2020-02-26,43.98,80.14,49.9,27.13,7.87,0.61,37.81,21.32,80.14,Satisfactory
2020-02-27,41.71,78.27,50.59,22.77,10.22,0.78,35.45,22.15,78.27,Satisfactory
2020-02-28,62.64,114.08,55.62,25.12,8.75,0.65,45.89,21.97,109.39,Moderately Polluted
2020-02-29,59.43,113.72,63.63,26.99,10.13,0.99,46.75,22.2,109.15,Moderately Polluted
2020-03-01,79.69,149.75,72.57,25.75,10.13,1.06,50.17,22.96,165.63,Moderately Polluted
2020-03-02,89.51,166.84,78.88,26.28,10.61,1.08,34.13,24.15,198.37,Moderately Polluted
2020-03-03,71.12,134.76,61.19,24.51,9.25,0.73,37.69,23.31,137.07,Moderately Polluted
2020-03-04,42.89,72.25,40.99,23.1,9.02,0.5,30.15,22.99,72.25,Satisfactory
2020-03-05,32.55,60.33,50.99,20.12,6.65,0.59,23.6,21.8,63.74,Satisfactory
2020-03-06,39.28,73.55,45.11,21.92,3.28,0.59,8.76,23.75,73.55,Satisfactory
2020-03-07,32.81,63.22,39.28,20.54,4.08,0.62,23.23,23.22,63.22,Satisfactory
2020-03-08,36.35,64.31,39.68,18.6,5.74,0.66,21.78,24.09,64.31,Satisfactory
2020-03-09,50.31,86.54,44.63,19.58,5.67,0.58,43.31,23.24,86.54,Satisfactory
2020-03-10,61.85,103.72,47.17,20.77,7.48,0.72,48.37,23.78,106.17,Moderately Polluted
2020-03-11,55.47,101.2,42.94,21.85,8.4,0.56,46.31,25.28,100.8,Moderately Polluted
2020-03-12,50.71,108.11,44.86,23.54,10.61,0.61,35.29,25.91,105.41,Moderately Polluted
2020-03-13,60.01,107.04,56.35,19.07,7.83,0.72,37.78,26.85,104.69,Moderately Polluted
2020-03-14,50.38,97.27,31.44,21.27,7.79,0.45,55.21,25.55,97.27,Satisfactory
2020-03-15,26.15,54.12,35.37,18.05,11.02,0.45,43.7,23.79,54.12,Satisfactory
2020-03-16,59.43,111.55,57.44,19.09,16.82,0.72,39.48,25.5,107.7,Moderately Polluted
2020-03-17,64.73,123.88,64.64,20.23,8.42,0.77,46.78,26.35,115.92,Moderately Polluted
2020-03-18,88.72,152.55,62.04,22.05,11.03,0.82,52.43,25.91,195.73,Moderately Polluted
2020-03-19,105.0,144.57,71.8,22.34,10.76,0.7,56.3,25.83,250.0,Poor
2020-03-20,53.39,80.74,43.96,16.43,11.9,0.6,56.79,25.7,88.98,Satisfactory
2020-03-21,53.52,79.3,40.16,19.24,12.46,0.44,48.72,26.06,89.2,Satisfactory
2020-03-22,25.66,36.34,23.48,13.73,6.93,0.33,50.7,23.64,50.7,Satisfactory
2020-03-23,35.67,45.53,20.2,13.88,8.02,0.39,50.59,25.41,59.45,Satisfactory
2020-03-24,45.68,54.71,16.92,14.03,9.1,0.45,50.48,27.17,76.13,Satisfactory
2020-03-25,58.47,71.47,16.44,14.01,11.21,0.4,43.13,26.75,97.45,Satisfactory
2020-03-26,46.91,56.98,16.33,12.22,5.29,0.41,39.5,28.27,78.18,Satisfactory
2020-03-27,64.51,82.26,18.9,12.7,8.68,0.46,45.29,28.72,115.03,Moderately Polluted
2020-03-28,56.05,74.24,18.49,14.57,8.81,0.45,51.57,29.67,93.42,Satisfactory
2020-03-29,50.03,67.28,15.89,13.63,7.07,0.44,60.56,29.07,83.38,Satisfactory
2020-03-30,53.77,69.83,20.61,14.21,6.66,0.41,57.84,28.46,89.62,Satisfactory
2020-03-31,59.17,78.1,23.52,14.53,6.7,0.47,57.0,28.49,98.62,Satisfactory
2020-04-01,60.62,79.17,14.94,16.75,11.24,0.44,61.41,29.22,102.07,Moderately Polluted
2020-04-02,47.38,60.11,13.85,11.41,6.89,0.42,49.92,28.66,78.97,Satisfactory
2020-04-03,51.39,70.28,16.06,10.83,6.51,0.48,50.61,29.65,85.65,Satisfactory
2020-04-04,72.01,99.66,18.89,10.17,7.62,0.49,62.92,30.17,140.03,Moderately Polluted
2020-04-05,55.87,75.25,12.49,12.06,6.62,0.46,59.03,30.04,93.12,Satisfactory
2020-04-06,40.64,67.18,16.82,10.24,5.48,0.4,45.88,29.98,67.73,Satisfactory
2020-04-07,41.76,69.99,12.26,11.73,9.77,0.41,63.8,29.98,69.99,Satisfactory
2020-04-08,28.73,51.94,14.64,9.7,6.23,0.38,61.35,28.9,61.35,Satisfactory
2020-04-09,23.12,44.31,15.01,9.09,9.01,0.35,81.65,28.7,81.65,Satisfactory
2020-04-10,21.5,40.92,8.6,10.54,5.63,0.35,58.52,28.9,58.52,Satisfactory
2020-04-11,19.97,41.63,8.03,9.13,5.71,0.35,52.41,29.41,52.41,Satisfactory
2020-04-12,27.85,59.91,8.01,7.52,4.83,0.35,50.13,28.48,59.91,Satisfactory
2020-04-13,28.37,47.52,7.2,7.98,6.09,0.37,45.71,29.39,47.52,Good
2020-04-14,29.81,53.73,6.0,6.98,4.63,0.37,43.64,29.94,53.73,Satisfactory
2020-04-15,28.59,57.47,10.36,6.33,6.71,0.36,45.09,28.24,57.47,Satisfactory
2020-04-16,31.59,60.43,14.42,6.66,5.75,0.41,42.92,27.48,60.43,Satisfactory
2020-04-17,25.37,42.96,8.14,7.56,7.56,0.34,36.96,29.58,42.96,Good
2020-04-18,19.24,35.89,9.55,6.77,8.2,0.33,37.89,28.38,37.89,Good
2020-04-19,16.74,30.18,7.98,6.22,6.29,0.32,53.26,28.55,53.26,Satisfactory
2020-04-20,16.92,31.19,7.53,5.84,6.5,0.33,38.5,28.4,38.5,Good
2020-04-21,14.5,24.73,15.66,5.78,3.96,0.34,43.37,23.53,43.37,Good
2020-04-22,16.27,27.15,12.16,6.36,8.45,0.32,44.81,26.28,44.81,Good
2020-04-23,14.7,25.39,9.91,6.97,6.29,0.34,21.71,26.54,25.39,Good
2020-04-24,13.52,24.41,8.61,6.51,5.75,0.34,44.02,25.87,44.02,Good
2020-04-25,17.0,28.52,9.15,6.26,7.13,0.32,53.18,27.53,53.18,Satisfactory
2020-04-26,16.08,27.57,8.55,6.07,5.5,0.35,57.34,27.29,57.34,Satisfactory
2020-04-27,12.19,18.17,9.36,5.79,3.99,0.32,37.9,25.55,37.9,Good
2020-04-28,8.93,16.76,11.55,6.05,3.73,0.32,36.4,24.79,36.4,Good
2020-04-29,18.96,34.39,11.35,6.37,5.02,0.36,43.09,26.76,43.09,Good
2020-04-30,16.49,36.71,10.9,6.23,7.93,0.29,44.01,27.88,44.01,Good
2020-05-01,12.27,37.16,8.61,6.06,4.94,0.28,24.58,25.11,37.16,Good
2020-05-02,19.86,38.15,11.62,5.58,4.02,0.38,16.76,25.45,38.15,Good
2020-05-03,21.62,39.29,10.27,5.74,4.55,0.36,16.02,27.15,39.29,Good
2020-05-04,23.7,50.28,11.39,5.91,4.77,0.35,31.54,28.17,50.28,Satisfactory
2020-05-05,19.21,44.32,9.39,6.25,6.07,0.31,35.26,28.6,44.32,Good
2020-05-06,16.4,35.26,13.31,5.64,7.85,0.35,44.1,26.31,44.1,Good
2020-05-07,19.82,42.33,10.16,5.1,5.72,0.3,44.97,27.73,44.97,Good
2020-05-08,18.79,40.18,8.4,4.97,6.54,0.32,51.22,28.25,51.22,Satisfactory
2020-05-09,20.85,47.57,8.98,4.72,6.3,0.33,50.29,30.88,50.29,Satisfactory
2020-05-10,19.67,42.77,8.04,4.47,6.85,0.3,45.55,29.56,45.55,Good
2020-05-11,21.28,48.83,14.06,4.49,4.94,0.37,53.34,27.82,53.34,Satisfactory
2020-05-12,30.87,65.09,19.38,4.36,9.79,0.39,56.77,29.88,65.09,Satisfactory
2020-05-13,23.98,52.8,9.3,4.99,8.52,0.31,37.34,30.28,52.8,Satisfactory
2020-05-14,16.21,43.42,7.41,4.77,6.89,0.29,25.73,30.19,43.42,Good
2020-05-15,12.88,33.84,7.07,4.73,7.22,0.28,23.59,30.47,33.84,Good
2020-05-16,11.79,32.46,6.38,4.42,5.58,0.28,26.02,30.68,32.46,Good
2020-05-17,10.61,33.26,6.88,4.29,5.31,0.27,27.07,30.96,33.26,Good
2020-05-18,9.73,29.88,8.33,4.31,4.5,0.26,18.24,30.83,29.88,Good
2020-05-19,10.32,26.5,8.35,4.19,3.41,0.28,19.0,28.36,26.5,Good
2020-05-20,10.48,25.61,5.61,4.91,3.34,0.29,24.32,24.37,25.61,Good
2020-05-21,7.6,18.94,6.92,4.94,2.45,0.34,4.2,23.76,18.94,Good
2020-05-22,19.86,43.79,8.64,4.38,3.0,0.32,4.91,23.45,43.79,Good
2020-05-23,26.39,62.91,6.13,4.22,2.49,0.27,4.63,23.3,62.91,Satisfactory
2020-05-24,21.0,53.87,5.93,4.16,2.66,0.28,6.09,23.22,53.87,Satisfactory
2020-05-25,17.62,49.98,6.18,3.99,2.66,0.25,5.74,23.18,49.98,Good
2020-05-26,17.79,51.78,6.56,3.85,2.45,0.25,4.49,23.16,51.78,Satisfactory
2020-05-27,17.1,42.66,6.7,3.82,2.2,0.26,4.13,23.15,42.66,Good
2020-05-28,17.09,35.37,11.24,3.56,2.64,0.37,4.72,23.14,35.37,Good
2020-05-29,18.78,44.07,9.18,3.67,2.48,0.33,5.33,23.14,44.07,Good
2020-05-30,16.24,40.05,7.4,3.7,2.53,0.3,5.58,23.14,40.05,Good
2020-05-31,15.83,35.47,8.18,3.79,2.48,0.34,6.37,23.14,35.47,Good
2020-06-01,15.04,40.94,9.08,3.66,2.52,0.3,4.07,23.14,40.94,Good
2020-06-02,13.84,40.18,9.35,3.61,2.62,0.33,4.54,23.14,40.18,Good
2020-06-03,17.12,43.01,9.56,4.36,3.98,0.32,10.48,23.14,43.01,Good
2020-06-04,16.15,42.09,8.06,4.04,3.07,0.3,6.4,23.14,42.09,Good
2020-06-05,11.46,36.62,7.84,4.63,3.35,0.28,11.14,23.14,36.62,Good
2020-06-06,21.51,47.6,7.75,4.39,2.96,0.29,7.81,23.14,47.6,Good
2020-06-07,25.6,53.42,10.0,4.14,3.27,0.37,7.8,23.14,53.42,Satisfactory
2020-06-08,24.81,52.8,14.56,3.5,2.75,0.42,6.15,23.14,52.8,Satisfactory
2020-06-09,22.33,53.19,10.94,3.38,3.29,0.34,5.47,23.14,53.19,Satisfactory
2020-06-10,18.0,43.48,11.09,3.21,2.96,0.35,4.59,23.14,43.48,Good
2020-06-11,9.59,26.8,10.28,3.38,3.0,0.33,4.3,23.14,26.8,Good
2020-06-12,10.85,26.15,11.93,3.19,2.69,0.38,4.6,23.14,26.15,Good
2020-06-13,11.71,31.91,10.32,3.16,3.18,0.37,4.83,23.14,31.91,Good
2020-06-14,12.56,30.87,8.41,3.21,2.65,0.33,5.1,23.14,30.87,Good
2020-06-15,16.57,35.94,10.05,3.05,2.74,0.35,5.33,23.14,35.94,Good
2020-06-16,11.61,31.03,13.41,3.99,3.88,0.34,8.27,23.14,31.03,Good
2020-06-17,15.08,43.43,10.19,3.43,1.74,0.33,4.47,23.14,43.43,Good
2020-06-18,16.62,44.1,9.42,2.97,2.46,0.31,5.32,23.14,44.1,Good
2020-06-19,19.53,48.79,10.42,2.63,1.91,0.33,5.15,23.14,48.79,Good
2020-06-20,13.69,39.58,7.89,2.51,2.69,0.28,4.38,23.14,39.58,Good
2020-06-21,12.32,32.63,6.82,2.55,2.63,0.31,5.49,23.14,32.63,Good
2020-06-22,18.5,45.58,8.17,2.23,2.09,0.3,5.48,23.14,45.58,Good
2020-06-23,20.25,49.36,8.4,2.08,2.26,0.3,4.82,23.14,49.36,Good
2020-06-24,19.08,55.89,7.42,2.1,2.38,0.27,5.68,23.14,55.89,Satisfactory
2020-06-25,14.88,43.25,10.28,2.58,4.29,0.26,11.2,23.14,43.25,Good
2020-06-26,10.69,30.61,13.14,3.06,6.19,0.25,16.71,23.14,30.61,Good
2020-06-27,8.98,30.73,13.75,3.6,3.7,0.26,18.82,23.14,30.73,Good
2020-06-28,12.92,32.67,15.39,3.67,4.01,0.29,26.89,23.14,32.67,Good
2020-06-29,16.6,36.04,23.91,2.91,4.32,0.38,28.44,23.14,36.04,Good
2020-06-30,15.39,38.11,17.96,2.43,4.73,0.31,20.15,23.14,38.11,Good
2020-07-01,12.47,35.18,10.92,3.28,6.91,0.25,21.73,23.14,35.18,Good
2020-07-02,10.92,34.96,9.74,3.45,8.04,0.24,24.41,23.14,34.96,Good
2020-07-03,14.01,31.4,14.27,2.11,3.03,0.29,19.26,23.14,31.4,Good
2020-07-04,10.39,18.98,14.72,1.93,3.2,0.32,17.0,23.14,18.98,Good
2020-07-05,9.8,19.87,12.82,3.21,3.94,0.3,21.82,23.14,21.82,Good
2020-07-06,7.7,17.2,16.98,3.93,4.51,0.32,23.11,23.14,23.11,Good
2020-07-07,14.21,24.86,17.37,2.49,5.97,0.33,26.59,23.14,26.59,Good
2020-07-08,22.91,44.76,20.08,2.34,6.41,0.32,23.98,23.14,44.76,Good
2020-07-09,18.24,33.06,14.05,2.84,5.81,0.27,24.19,23.14,33.06,Good
2020-07-10,12.06,21.86,8.98,3.13,7.31,0.21,23.72,23.14,23.72,Good
2020-07-11,12.83,25.12,15.34,2.47,4.41,0.29,25.15,23.14,25.15,Good
2020-07-12,20.1,38.33,12.97,2.2,10.27,0.29,37.87,23.14,38.33,Good
2020-07-13,22.76,38.31,19.52,1.71,9.6,0.35,31.63,23.14,38.31,Good
2020-07-14,16.69,29.09,12.49,1.78,4.73,0.28,33.81,23.14,33.81,Good
2020-07-15,9.57,15.01,15.78,1.93,3.87,0.28,24.72,23.14,24.72,Good
2020-07-16,6.65,7.41,9.52,2.77,4.15,0.22,22.83,23.14,22.83,Good
2020-07-17,7.93,26.92,9.16,2.9,3.61,0.22,21.54,23.14,26.92,Good
2020-07-18,11.26,36.68,9.57,2.88,8.55,0.24,26.03,23.14,36.68,Good
2020-07-19,11.98,41.56,9.44,2.77,5.69,0.23,21.86,23.14,41.56,Good
2020-07-20,11.64,44.0,14.29,2.34,6.04,0.26,19.11,23.14,44.0,Good
2020-07-21,15.25,45.22,15.12,2.13,4.86,0.29,21.01,23.14,45.22,Good
2020-07-22,19.39,45.83,23.69,1.59,11.35,0.32,22.87,23.14,45.83,Good
2020-07-23,12.87,46.13,10.36,2.52,5.71,0.28,33.12,23.14,46.13,Good
2020-07-24,18.73,46.28,20.44,1.76,10.58,0.33,21.81,23.14,46.28,Good
2020-07-25,14.49,46.36,11.46,2.4,10.69,0.25,26.56,23.14,46.36,Good
2020-07-26,16.46,46.4,11.88,2.19,10.71,0.25,35.38,23.14,46.4,Good
2020-07-27,19.44,46.42,26.33,2.4,6.58,0.4,25.82,23.14,46.42,Good
2020-07-28,27.44,46.44,26.17,1.69,6.19,0.41,26.04,23.14,46.44,Good
2020-07-29,14.21,21.25,9.67,2.35,5.43,0.28,21.82,23.14,23.68,Good
2020-07-30,7.73,19.42,11.8,2.32,5.57,0.26,19.25,23.14,19.42,Good
2020-07-31,6.49,32.33,15.36,1.96,4.72,0.3,14.48,23.14,32.33,Good
2020-08-01,8.1,21.65,12.97,1.91,4.36,0.29,18.58,23.14,21.65,Good
2020-08-02,17.03,33.52,16.14,1.9,4.58,0.34,27.87,23.14,33.52,Good
2020-08-03,39.06,68.97,23.68,1.57,6.58,0.41,41.02,23.14,68.97,Satisfactory
2020-08-04,27.64,49.64,29.15,11.38,3.43,0.55,15.08,23.14,49.64,Good
2020-08-05,6.71,15.65,6.72,21.12,4.56,0.29,29.56,23.14,29.56,Good
2020-08-06,8.16,18.7,19.06,7.8,2.98,0.36,22.71,23.14,23.82,Good
2020-08-07,14.27,31.74,17.93,6.89,5.24,0.32,22.01,23.14,31.74,Good
2020-08-08,19.68,35.97,10.14,5.0,5.33,0.3,29.55,23.14,35.97,Good
2020-08-09,10.52,25.08,11.01,4.73,3.19,0.27,26.56,23.14,26.56,Good
2020-08-10,7.32,22.45,15.39,13.41,4.51,0.29,18.69,23.14,22.45,Good
2020-08-11,13.69,28.65,14.88,8.61,7.73,0.3,26.22,23.14,28.65,Good
2020-08-12,15.58,36.08,20.99,3.14,8.67,0.34,29.86,23.14,36.08,Good
2020-08-13,7.89,20.81,13.89,2.96,5.94,0.29,25.94,23.14,25.94,Good
2020-08-14,9.12,20.4,16.41,2.42,6.09,0.33,23.74,23.14,23.74,Good
2020-08-15,8.1,16.69,12.21,3.09,5.04,0.25,25.21,23.14,25.21,Good
2020-08-16,7.47,19.33,9.73,3.16,6.44,0.26,24.91,23.14,24.91,Good
2020-08-17,7.16,20.65,8.49,3.2,7.14,0.27,24.76,23.14,24.76,Good
2020-08-18,7.0,21.31,7.87,3.21,7.49,0.27,24.69,23.14,24.69,Good
2020-08-19,6.92,21.64,7.56,3.22,7.67,0.27,24.65,23.14,24.65,Good
2020-08-20,6.88,21.8,7.4,3.23,7.75,0.27,24.63,23.14,24.63,Good
2020-08-21,6.85,21.97,7.25,3.23,7.84,0.27,24.61,23.14,24.61,Good
2020-08-22,16.42,33.0,32.95,1.68,8.42,0.44,19.93,23.14,41.19,Good
2020-08-23,21.35,38.15,25.98,1.2,8.71,0.37,21.67,23.14,38.15,Good
2020-08-24,22.2,44.44,29.29,1.36,14.56,0.45,30.15,23.14,44.44,Good
2020-08-25,23.48,53.57,20.74,1.93,9.12,0.38,33.66,23.14,53.57,Satisfactory
2020-08-26,8.78,20.39,16.08,2.32,5.45,0.32,22.49,23.14,22.49,Good
2020-08-27,6.36,19.75,9.68,2.97,6.37,0.25,12.83,23.14,19.75,Good
2020-08-28,16.3,35.81,14.2,2.2,5.06,0.28,10.41,23.14,35.81,Good
2020-08-29,20.5,43.31,14.08,2.01,5.78,0.27,11.0,23.14,43.31,Good
2020-08-30,20.49,45.95,14.87,1.54,5.53,0.31,18.76,23.14,45.95,Good
2020-08-31,25.38,48.74,13.66,1.48,6.83,0.36,24.2,23.14,48.74,Good
2020-09-01,23.59,43.58,21.88,0.58,5.73,0.48,10.23,23.14,43.58,Good
2020-09-02,18.33,35.67,19.59,0.56,5.92,0.41,10.93,23.14,35.67,Good
2020-09-03,12.58,30.8,17.9,0.68,5.6,0.36,9.68,23.14,30.8,Good
2020-09-04,16.74,37.12,19.43,0.62,5.9,0.39,12.02,23.14,37.12,Good
2020-09-05,14.59,34.53,15.4,1.02,5.84,0.27,7.69,23.14,34.53,Good
2020-09-06,11.28,27.35,12.93,1.15,5.87,0.23,8.02,23.14,27.35,Good
2020-09-07,7.95,23.43,10.28,1.54,5.52,0.22,8.48,23.14,23.43,Good
2020-09-08,13.49,27.57,17.61,2.71,6.69,0.34,7.11,23.14,27.57,Good
2020-09-09,25.92,59.47,19.85,3.02,5.72,0.36,1.84,23.14,59.47,Satisfactory
2020-09-10,18.6,42.55,16.38,3.89,6.19,0.34,1.18,23.14,42.55,Good
2020-09-11,10.54,28.45,9.46,4.83,6.63,0.23,1.12,23.14,28.45,Good
2020-09-12,6.68,28.65,12.8,4.04,5.61,0.29,1.06,23.14,28.65,Good
2020-09-13,7.4,25.66,12.23,3.76,5.22,0.27,1.05,23.14,25.66,Good
2020-09-14,7.38,29.45,14.31,3.31,6.03,0.29,1.02,23.14,29.45,Good
2020-09-15,9.66,34.39,15.08,3.23,5.25,0.31,1.02,23.14,34.39,Good
2020-09-16,13.35,33.77,14.55,4.27,6.96,0.29,4.39,23.14,33.77,Good
2020-09-17,10.2,25.87,11.27,4.96,6.37,0.31,7.59,23.14,25.87,Good
2020-09-18,15.4,32.94,15.06,4.32,5.21,0.37,13.04,23.14,32.94,Good
2020-09-19,23.09,50.56,18.33,3.96,6.29,0.43,22.77,23.14,50.56,Satisfactory
2020-09-20,20.67,43.33,17.19,4.35,5.64,0.44,18.6,23.14,43.33,Good
2020-09-21,7.44,19.46,13.44,4.31,6.26,0.34,13.66,23.14,19.46,Good
2020-09-22,10.78,30.37,15.15,4.5,5.82,0.36,8.29,23.14,30.37,Good
2020-09-23,9.76,23.8,15.2,4.31,5.48,0.31,5.54,23.14,23.8,Good
2020-09-24,15.08,33.07,12.76,4.11,5.74,0.3,6.15,23.14,33.07,Good
2020-09-25,16.13,39.01,15.98,4.59,4.79,0.34,7.58,23.14,39.01,Good
2020-09-26,20.57,53.07,17.02,3.51,6.02,0.42,11.07,23.14,53.07,Satisfactory
2020-09-27,28.06,57.61,14.91,3.77,5.64,0.4,29.54,23.14,57.61,Satisfactory
2020-09-28,50.26,87.77,13.61,3.19,6.74,0.73,23.04,23.14,87.77,Satisfactory
2020-09-29,25.42,52.29,11.64,2.94,5.37,0.44,15.01,23.14,52.29,Satisfactory
2020-09-30,16.48,41.24,9.87,3.23,5.72,0.42,14.04,23.14,41.24,Good
2020-10-01,17.09,35.69,9.08,3.83,5.8,0.38,14.6,23.14,35.69,Good
2020-10-02,12.93,29.65,7.14,4.31,6.01,0.37,15.43,23.14,29.65,Good
2020-10-03,17.6,32.7,7.12,4.15,5.84,0.43,13.4,23.14,32.7,Good
2020-10-04,23.47,44.65,6.52,3.72,5.56,0.49,10.18,23.14,44.65,Good
2020-10-05,22.23,42.39,7.4,3.96,4.91,0.45,9.56,23.14,42.39,Good
2020-10-06,18.11,36.8,7.38,4.29,6.0,0.44,10.39,23.14,36.8,Good
2020-10-07,17.16,37.64,7.64,4.66,5.89,0.4,12.04,23.14,37.64,Good
2020-10-08,25.78,56.55,7.53,4.27,6.41,0.58,17.51,23.14,56.55,Satisfactory
2020-10-09,36.02,81.62,10.04,4.46,7.89,0.89,14.35,23.14,81.62,Satisfactory
2020-10-10,46.31,90.75,12.54,4.66,6.74,0.78,14.16,23.14,90.75,Satisfactory
2020-10-11,33.81,72.15,9.23,3.38,6.49,0.56,22.11,23.14,72.15,Satisfactory
2020-10-12,37.79,85.07,10.81,2.83,6.8,0.77,18.49,23.14,85.07,Satisfactory
2020-10-13,38.13,80.97,10.53,2.82,6.27,0.65,10.45,23.14,80.97,Satisfactory
2020-10-14,12.06,36.66,7.45,3.19,5.43,0.37,11.52,23.14,36.66,Good
2020-10-15,12.4,37.78,7.65,3.11,5.9,0.39,7.68,23.14,37.78,Good
2020-10-16,35.4,80.17,10.9,2.73,7.8,0.87,8.31,23.14,80.17,Satisfactory
2020-10-17,56.28,111.78,12.88,2.84,6.57,0.81,14.75,23.14,107.85,Moderately Polluted
2020-10-18,53.75,110.04,10.92,2.93,6.19,0.64,12.66,23.14,106.69,Moderately Polluted
2020-10-19,34.82,80.15,11.01,2.91,6.85,0.85,9.11,23.14,80.15,Satisfactory
2020-10-20,52.59,109.46,10.78,3.08,6.46,0.59,18.57,23.14,106.31,Moderately Polluted
2020-10-21,10.92,34.83,7.33,3.26,5.41,0.38,9.49,23.14,34.83,Good
2020-10-22,9.89,26.91,6.87,3.25,5.72,0.36,8.34,23.14,26.91,Good
2020-10-23,12.66,28.99,5.78,3.31,6.04,0.38,7.54,23.14,28.99,Good
2020-10-24,15.13,38.22,6.3,3.36,5.77,0.38,9.85,23.14,38.22,Good
2020-10-25,32.6,64.83,9.65,3.1,6.48,0.63,11.57,23.14,64.83,Satisfactory
2020-10-26,57.86,112.16,12.86,3.03,7.13,0.84,21.08,23.14,108.11,Moderately Polluted
2020-10-27,72.3,137.73,18.56,3.04,6.84,0.79,23.64,23.14,141.0,Moderately Polluted
2020-10-28,81.5,159.69,16.85,3.15,7.97,0.7,26.34,23.14,171.67,Moderately Polluted
2020-10-29,56.47,120.69,12.7,3.21,7.48,0.57,23.73,23.14,113.79,Moderately Polluted
2020-10-30,47.69,97.2,16.93,2.72,7.96,0.51,32.85,23.14,97.2,Satisfactory
2020-10-31,57.64,122.45,24.78,0.19,6.96,0.6,20.91,23.14,114.97,Moderately Polluted
2020-11-01,15.21,38.89,17.14,0.49,5.59,0.39,12.69,23.14,38.89,Good
2020-11-02,19.26,44.2,21.69,0.39,5.57,0.47,11.88,23.14,44.2,Good
2020-11-03,83.99,170.31,31.87,0.02,7.98,0.84,25.57,23.14,179.97,Moderately Polluted
2020-11-04,104.41,205.88,56.08,0.01,7.11,1.05,22.51,23.14,248.03,Poor
2020-11-05,99.08,190.72,70.83,4.79,7.28,0.96,20.03,23.14,230.27,Poor
2020-11-06,101.7,200.4,75.19,9.56,7.32,1.15,22.15,23.14,239.0,Poor
2020-11-07,110.14,208.06,64.19,9.99,8.68,0.88,25.06,23.14,267.13,Poor
2020-11-08,90.1,166.45,64.98,11.71,8.09,0.8,19.83,23.14,200.33,Poor
2020-11-09,68.88,136.1,59.97,10.55,7.75,0.79,15.53,23.14,129.6,Moderately Polluted
2020-11-10,54.29,111.47,55.01,10.91,7.4,0.7,20.3,23.14,107.65,Moderately Polluted
2020-11-11,39.46,85.69,52.9,17.38,10.21,0.54,23.9,23.14,85.69,Satisfactory
2020-11-12,56.35,128.4,56.37,19.89,20.66,0.61,26.97,23.14,118.93,Moderately Polluted
2020-11-13,57.88,125.85,53.79,22.04,19.44,0.61,32.51,23.14,117.23,Moderately Polluted
2020-11-14,66.2,139.0,45.21,21.49,17.04,0.62,47.98,23.14,126.0,Moderately Polluted
2020-11-15,99.35,172.54,45.73,21.14,14.02,0.61,39.26,23.14,231.17,Poor
2020-11-16,88.62,164.28,70.9,19.79,16.55,0.92,31.64,23.14,195.4,Moderately Polluted
2020-11-17,117.16,207.57,79.63,18.24,18.39,1.07,39.17,23.14,290.53,Poor
2020-11-18,104.78,183.02,73.71,21.62,16.23,0.81,40.51,23.14,249.27,Poor
2020-11-19,61.31,103.47,48.93,23.73,15.17,0.58,30.89,23.14,104.37,Moderately Polluted
2020-11-20,71.3,123.35,44.53,23.46,15.34,0.66,29.08,23.14,137.67,Moderately Polluted
2020-11-21,103.33,165.96,41.84,22.91,16.62,1.03,19.65,23.14,244.43,Poor
2020-11-22,76.73,133.07,52.47,17.7,18.11,0.59,45.49,23.14,155.77,Moderately Polluted
2020-11-23,80.11,154.43,68.18,13.32,22.4,0.79,50.08,23.14,167.03,Moderately Polluted
2020-11-24,96.18,167.72,78.32,14.99,25.78,0.69,34.39,23.14,220.6,Poor
2020-11-25,88.61,149.59,70.27,17.4,37.14,0.77,29.65,23.14,195.37,Moderately Polluted
2020-11-26,99.86,171.55,67.96,21.03,35.21,0.95,24.76,23.14,232.87,Poor
2020-11-27,71.53,131.54,51.17,23.17,29.86,0.56,31.05,23.14,138.43,Moderately Polluted
2020-11-28,76.86,136.27,58.41,29.01,29.84,0.7,46.78,23.14,156.2,Moderately Polluted
2020-11-29,103.52,172.9,70.22,38.1,23.63,0.79,46.65,23.14,245.07,Poor
2020-11-30,100.23,168.62,85.39,32.22,32.34,1.01,46.47,23.14,234.1,Poor
2020-12-01,136.11,219.57,95.65,28.7,21.18,1.31,39.79,23.14,312.39,Very poor
2020-12-02,141.91,253.56,107.86,21.25,33.35,1.34,37.6,23.14,316.85,Very poor
2020-12-03,150.15,254.15,105.29,19.9,28.79,1.44,46.66,23.14,323.19,Very poor
2020-12-04,149.91,241.52,106.66,20.07,25.04,1.4,39.29,23.14,323.01,Very poor
2020-12-05,136.13,217.23,97.58,22.01,23.2,1.12,35.81,23.14,312.41,Very poor
2020-12-06,114.59,177.45,74.96,29.74,19.6,0.88,41.43,23.14,281.97,Poor
2020-12-07,99.66,155.75,80.11,30.26,13.55,1.23,19.3,23.14,232.2,Poor
2020-12-08,146.46,218.74,63.59,40.07,13.71,1.2,27.12,21.53,320.35,Very poor
2020-12-09,142.23,210.6,52.8,41.73,13.6,1.15,32.09,21.73,317.1,Very poor
2020-12-10,149.75,224.82,69.36,44.58,24.63,1.09,50.97,23.94,322.88,Very poor
2020-12-11,114.31,183.69,56.04,43.51,18.4,0.98,27.54,19.51,281.03,Poor
2020-12-12,123.17,197.6,61.83,38.73,21.48,0.94,35.29,19.58,302.44,Very poor
2020-12-13,121.56,192.51,70.08,38.22,16.91,1.1,34.81,21.49,301.2,Very poor
2020-12-14,123.8,185.27,68.25,38.72,13.9,0.98,39.13,22.13,302.92,Very poor
2020-12-15,104.0,165.14,68.5,36.6,17.82,0.98,38.91,22.34,246.67,Poor
2020-12-16,96.26,170.73,72.92,33.47,31.26,0.82,40.85,22.59,220.87,Poor
2020-12-17,111.63,184.59,80.04,27.93,25.45,1.04,34.78,21.05,272.1,Poor
2020-12-18,105.74,172.96,73.38,28.19,30.06,0.82,44.02,19.5,252.47,Poor
2020-12-19,93.3,161.38,57.76,23.38,24.38,0.77,64.43,17.42,211.0,Poor
2020-12-20,146.73,147.61,59.25,22.98,25.99,0.82,59.83,16.79,320.56,Very poor
2020-12-21,157.65,148.59,82.7,20.2,26.75,1.31,43.63,16.6,328.96,Very poor
2020-12-22,168.57,269.41,114.75,21.48,30.4,1.56,33.85,18.8,337.36,Very poor
2020-12-23,162.69,264.56,110.09,27.68,31.53,1.62,40.22,20.67,332.84,Very poor
2020-12-24,149.6,222.98,98.15,28.18,26.27,1.49,38.26,19.57,322.77,Very poor
2020-12-25,143.06,217.92,81.12,28.18,26.12,1.08,42.07,18.88,317.74,Very poor
2020-12-26,139.78,223.51,88.87,26.53,28.03,1.32,45.51,17.89,315.22,Very poor
2020-12-27,138.14,216.99,96.93,25.36,25.86,1.01,47.82,17.13,313.95,Very poor
2020-12-28,136.51,263.95,147.81,29.47,27.05,1.8,38.81,17.54,312.7,Very poor
2020-12-29,168.29,316.41,136.06,34.63,33.01,1.99,43.97,18.14,337.15,Very poor
2020-12-30,104.73,175.62,124.31,39.8,23.68,1.14,35.61,18.69,249.1,Poor
2020-12-31,116.25,217.17,116.16,37.57,37.26,0.95,36.47,18.85,287.5,Poor
2021-01-01,115.53,214.99,83.09,35.45,35.08,0.99,44.61,18.46,285.1,Poor
2021-01-02,125.69,257.94,96.76,33.19,31.47,1.37,40.73,17.98,304.38,Very poor
2021-01-03,141.61,297.8,108.67,34.49,23.35,1.59,40.53,18.79,316.62,Very poor
2021-01-04,131.87,231.94,108.55,35.51,32.8,1.18,29.64,20.34,309.13,Very poor
2021-01-05,99.92,164.63,86.5,34.12,24.27,1.23,36.27,21.71,233.07,Poor
2021-01-06,129.35,237.05,110.98,34.8,24.55,2.09,40.91,22.5,307.19,Very poor
2021-01-07,142.68,251.54,116.98,32.73,37.42,1.48,34.89,24.31,317.45,Very poor
2021-01-08,99.39,190.69,87.14,32.16,31.45,1.02,28.26,23.9,231.3,Poor
2021-01-09,80.57,160.39,76.26,33.24,22.8,0.83,44.1,24.03,168.57,Moderately Polluted
2021-01-10,69.05,150.65,74.39,33.71,17.26,0.82,33.1,24.43,133.77,Moderately Polluted
2021-01-11,86.33,163.44,71.04,42.15,20.96,0.77,32.06,24.09,187.77,Moderately Polluted
2021-01-12,84.11,164.64,58.4,72.25,19.45,0.61,52.29,22.65,180.37,Moderately Polluted
2021-01-13,92.74,186.51,54.41,68.49,16.71,0.63,63.36,20.55,209.13,Poor
2021-01-14,89.69,204.47,58.96,46.99,16.0,0.68,56.05,20.46,198.97,Moderately Polluted
2021-01-15,118.09,212.53,73.78,39.23,20.18,0.82,53.48,19.3,293.63,Poor
2021-01-16,132.29,249.96,63.48,36.17,17.57,0.86,50.68,18.43,309.45,Very poor
2021-01-17,139.39,276.0,58.32,34.56,17.58,0.87,50.28,18.25,314.92,Very poor
2021-01-18,146.49,256.82,78.95,33.07,18.96,1.24,34.5,16.49,320.38,Very poor
2021-01-19,144.25,231.49,75.63,33.55,15.93,0.93,42.26,19.68,318.65,Very poor
2021-01-20,88.53,163.99,56.23,39.44,22.72,0.79,34.84,21.28,195.1,Moderately Polluted
2021-01-21,110.98,193.06,67.94,42.8,21.76,0.98,48.82,22.88,269.93,Poor
2021-01-22,88.61,182.8,66.85,40.58,16.86,0.78,50.01,20.26,195.37,Moderately Polluted
2021-01-23,95.9,216.3,63.12,34.54,18.16,1.0,37.76,18.47,219.67,Poor
2021-01-24,107.09,211.09,66.42,34.57,21.38,0.95,59.99,23.2,256.97,Poor
2021-01-25,118.27,220.11,64.75,36.86,27.82,0.89,40.06,21.87,294.23,Poor
2021-01-26,116.19,191.72,52.98,34.92,15.66,0.87,27.53,18.65,287.3,Poor
2021-01-27,118.78,201.27,57.39,32.4,21.57,0.77,41.45,18.16,295.93,Poor
2021-01-28,111.59,191.85,59.59,30.2,26.02,0.85,47.02,17.79,271.97,Poor
2021-01-29,126.8,207.65,71.0,29.6,21.9,0.94,35.25,18.5,305.23,Very poor
2021-01-30,130.36,221.52,71.19,28.31,27.81,0.97,38.21,18.17,307.97,Very poor
2021-01-31,123.65,211.71,57.76,27.84,21.77,0.73,58.18,17.32,302.81,Very poor
2021-02-01,113.88,191.23,65.47,27.06,17.04,0.88,49.5,16.93,279.6,Poor
2021-02-02,104.32,215.6,100.22,25.66,22.61,1.24,39.61,17.66,247.73,Poor
2021-02-03,19.48,271.71,99.77,27.32,34.58,1.42,43.75,17.81,221.71,Poor
2021-02-04,130.0,242.58,88.8,26.66,26.78,1.26,42.1,19.31,307.69,Very poor
2021-02-05,127.62,226.27,96.35,27.01,23.85,1.33,38.65,20.52,305.86,Very poor
2021-02-06,131.44,254.16,83.11,27.96,30.56,1.17,46.38,21.26,308.8,Very poor
2021-02-07,51.19,98.84,48.28,28.15,18.12,0.55,47.4,20.36,98.84,Satisfactory
2021-02-08,80.03,181.34,74.04,26.29,23.36,0.81,39.69,20.08,166.77,Moderately Polluted
2021-02-09,106.02,165.77,83.16,25.37,26.46,1.31,46.09,20.16,253.4,Poor
2021-02-10,148.43,260.38,113.65,27.27,24.62,1.63,51.66,22.0,321.87,Very poor
2021-02-11,91.32,169.11,79.04,32.51,30.6,0.84,51.35,25.27,204.4,Poor
2021-02-12,93.72,167.73,76.69,28.24,23.42,0.94,42.62,22.87,212.4,Poor
2021-02-13,100.25,179.17,83.89,29.14,19.02,0.89,40.55,23.94,234.17,Poor
2021-02-14,88.07,151.03,59.88,32.96,17.8,0.6,42.01,24.65,193.57,Moderately Polluted
2021-02-15,72.26,132.34,67.54,32.92,21.73,0.85,36.88,24.68,140.87,Moderately Polluted
2021-02-16,93.1,162.42,71.01,33.67,22.84,0.73,40.34,25.06,210.33,Poor
2021-02-17,125.92,225.0,72.48,37.42,25.6,1.01,26.01,22.61,304.55,Very poor
2021-02-18,113.62,202.88,81.61,38.17,20.56,1.12,45.49,24.05,278.73,Poor
2021-02-19,126.2,240.08,81.49,44.79,21.12,1.03,39.56,24.66,304.77,Very poor
2021-02-20,115.64,207.0,76.29,52.91,20.38,0.87,33.28,23.47,285.47,Poor
2021-02-21,119.36,218.89,84.83,46.43,23.87,0.97,39.89,23.36,297.87,Poor
2021-02-22,126.99,235.04,104.61,44.1,28.46,1.12,49.88,24.31,305.38,Very poor
2021-02-23,103.33,188.69,88.59,42.11,26.2,0.73,45.1,25.31,244.43,Poor
2021-02-24,93.37,167.91,84.71,45.94,20.76,1.0,50.05,25.96,211.23,Poor
2021-02-25,102.29,196.6,90.66,67.84,21.19,0.73,52.76,27.15,240.97,Poor
2021-02-26,80.31,145.44,55.38,84.37,18.39,0.54,63.63,28.39,167.7,Moderately Polluted
2021-02-27,65.5,128.85,70.72,138.46,14.58,0.61,60.51,31.42,119.23,Moderately Polluted
2021-02-28,64.83,120.65,46.7,118.59,15.48,0.49,54.53,29.01,116.1,Moderately Polluted
2021-03-01,59.51,113.96,57.75,128.89,13.57,0.5,42.08,29.23,109.31,Moderately Polluted
2021-03-02,69.58,129.65,55.87,152.16,12.34,0.49,35.81,28.54,131.93,Moderately Polluted
2021-03-03,75.08,140.53,76.37,179.74,22.36,0.73,53.39,27.31,150.27,Moderately Polluted
2021-03-04,98.66,189.8,78.77,193.98,28.97,0.7,64.58,27.39,228.87,Poor
2021-03-05,59.5,117.75,42.62,183.64,10.18,0.49,46.76,28.65,111.83,Moderately Polluted
2021-03-06,73.07,148.84,70.09,204.93,17.0,0.64,49.68,28.5,143.57,Moderately Polluted
2021-03-07,81.92,164.81,49.94,190.88,12.58,0.54,55.37,29.06,173.07,Moderately Polluted
2021-03-08,58.23,104.19,34.98,142.64,12.65,0.43,50.74,28.93,102.79,Moderately Polluted
2021-03-09,35.65,67.09,33.34,107.33,8.4,0.38,22.39,28.06,67.09,Satisfactory
2021-03-10,27.31,56.52,32.67,76.94,8.6,0.37,15.14,27.94,56.52,Satisfactory
2021-03-11,33.15,69.67,29.16,64.5,8.04,0.39,23.11,29.12,69.67,Satisfactory
2021-03-12,49.2,103.29,46.1,49.28,8.8,0.66,25.96,29.3,102.19,Moderately Polluted
2021-03-13,67.98,153.56,44.37,47.39,13.13,0.51,39.17,26.34,135.71,Moderately Polluted
2021-03-14,60.92,107.92,53.61,39.87,17.19,0.55,56.85,26.66,105.28,Moderately Polluted
2021-03-15,70.9,126.95,63.67,29.87,31.97,0.58,59.71,28.2,136.33,Moderately Polluted
2021-03-16,73.62,153.74,61.54,30.09,14.48,0.71,48.95,28.86,145.4,Moderately Polluted
2021-03-17,100.5,213.68,76.62,25.26,19.05,0.64,47.52,29.6,235.0,Poor
2021-03-18,93.92,188.78,64.76,25.83,20.41,0.74,47.64,29.2,213.07,Poor
2021-03-19,108.14,227.07,86.55,19.29,23.43,0.96,51.81,29.54,260.47,Poor
2021-03-20,130.16,268.67,88.6,29.82,29.04,0.82,54.7,30.45,307.82,Very poor
2021-03-21,92.12,183.07,52.27,36.95,26.46,0.62,65.56,30.86,207.07,Poor
2021-03-22,97.58,192.92,66.73,28.27,21.82,0.75,58.4,31.27,225.27,Poor
2021-03-23,99.79,187.47,62.73,40.58,23.58,0.67,53.11,31.6,232.63,Poor
2021-03-24,81.96,162.72,55.52,37.79,21.22,0.64,58.42,31.11,173.2,Moderately Polluted
2021-03-25,85.17,165.11,72.63,28.21,21.76,0.66,48.3,30.91,183.9,Moderately Polluted
2021-03-26,89.74,184.53,78.54,25.88,32.04,0.68,61.44,30.5,199.13,Moderately Polluted
2021-03-27,88.86,186.06,61.23,32.96,25.95,0.62,70.83,30.63,196.2,Moderately Polluted
2021-03-28,80.68,147.13,34.11,36.73,16.65,0.56,60.81,30.69,168.93,Moderately Polluted
2021-03-29,59.05,103.54,22.88,31.71,14.02,0.43,41.65,31.16,102.36,Moderately Polluted
2021-03-30,51.83,105.64,23.8,25.24,17.23,0.44,34.44,31.8,103.76,Moderately Polluted
2021-03-31,69.44,125.06,29.26,27.16,19.08,0.52,56.0,32.85,131.47,Moderately Polluted
2021-04-01,69.93,144.59,28.45,34.23,15.83,0.45,67.12,32.24,133.1,Moderately Polluted
2021-04-02,55.02,124.73,22.09,35.75,10.65,0.39,50.29,31.37,116.49,Moderately Polluted
2021-04-03,55.65,115.63,25.32,32.87,11.05,0.44,45.92,31.7,110.42,Moderately Polluted
2021-04-04,51.5,127.53,21.76,29.45,10.3,0.37,58.18,31.0,118.35,Moderately Polluted
2021-04-05,56.43,105.69,35.05,26.01,12.1,0.51,42.07,28.73,103.79,Moderately Polluted
2021-04-06,50.77,99.07,22.25,19.98,12.9,0.41,41.29,29.82,99.07,Satisfactory
2021-04-07,38.85,81.34,13.05,18.99,8.99,0.34,40.43,30.21,81.34,Satisfactory
2021-04-08,40.16,80.65,12.0,14.44,9.12,0.35,31.3,30.51,80.65,Satisfactory
2021-04-09,40.57,76.75,13.56,12.55,11.29,0.39,36.58,30.79,76.75,Satisfactory
2021-04-10,44.92,88.95,13.14,12.53,11.85,0.41,47.89,31.04,88.95,Satisfactory
2021-04-11,38.51,78.58,13.98,20.13,13.57,0.37,46.3,31.76,78.58,Satisfactory
2021-04-12,42.46,80.56,16.5,29.08,14.75,0.39,45.57,32.04,80.56,Satisfactory
2021-04-13,39.33,73.75,11.54,17.17,11.4,0.34,31.52,31.96,73.75,Satisfactory
2021-04-14,30.0,79.59,10.02,14.18,10.32,0.32,38.06,33.08,79.59,Satisfactory
2021-04-15,40.44,90.37,10.88,11.71,14.02,0.38,51.05,33.47,90.37,Satisfactory
2021-04-16,45.64,84.86,13.37,12.2,13.32,0.39,47.59,31.18,84.86,Satisfactory
2021-04-17,21.86,58.36,11.17,10.05,10.4,0.32,41.51,30.34,58.36,Satisfactory
2021-04-18,21.64,42.63,13.36,8.77,12.59,0.32,33.81,30.16,42.63,Good
2021-04-19,30.21,58.09,13.22,8.42,11.48,0.33,56.74,31.85,58.09,Satisfactory
2021-04-20,24.2,51.69,9.16,8.09,10.3,0.34,34.58,32.43,51.69,Satisfactory
2021-04-21,26.95,57.33,9.72,7.86,12.12,0.33,38.41,31.96,57.33,Satisfactory
2021-04-22,40.58,75.36,19.37,6.02,12.18,0.51,36.81,27.84,75.36,Satisfactory
2021-04-23,69.42,126.02,26.16,4.73,13.97,0.76,49.43,30.43,131.4,Moderately Polluted
2021-04-24,60.59,110.97,21.15,5.71,14.89,0.4,52.99,32.47,107.31,Moderately Polluted
2021-04-25,37.06,75.15,11.43,7.54,14.66,0.31,53.02,33.59,75.15,Satisfactory
2021-04-26,41.81,75.35,10.32,7.33,12.31,0.34,45.51,33.05,75.35,Satisfactory
2021-04-27,36.57,71.94,10.02,6.79,14.54,0.35,46.28,32.81,71.94,Satisfactory
2021-04-28,34.1,68.71,9.46,6.77,11.93,0.34,32.69,32.42,68.71,Satisfactory
2021-04-29,29.63,70.52,10.21,7.13,13.71,0.32,41.19,32.24,70.52,Satisfactory
2021-04-30,34.63,76.9,10.13,7.47,12.21,0.31,39.89,32.0,76.9,Satisfactory
2021-05-01,33.85,67.31,11.52,7.01,14.75,0.31,69.11,31.87,69.11,Satisfactory
2021-05-02,33.51,61.04,9.44,6.04,11.61,0.3,44.12,30.07,61.04,Satisfactory
2021-05-03,17.04,45.81,12.44,5.57,16.47,0.31,65.39,29.8,65.39,Satisfactory
2021-05-04,3.35,49.1,16.25,4.28,10.47,0.41,47.25,26.47,49.1,Good
2021-05-05,6.53,50.05,13.16,4.12,10.1,0.3,46.87,28.43,50.05,Satisfactory
2021-05-06,17.64,42.51,13.54,4.15,15.13,0.28,40.79,29.78,42.51,Good
2021-05-07,23.2,41.0,13.04,3.92,12.26,0.3,36.78,30.5,41.0,Good
2021-05-08,25.98,50.88,12.4,4.11,12.23,0.31,44.28,31.18,50.88,Satisfactory
2021-05-09,27.37,36.0,10.13,4.03,8.91,0.29,29.7,29.28,45.62,Good
2021-05-10,28.07,44.94,11.15,4.02,10.78,0.31,33.05,29.9,46.78,Good
2021-05-11,28.41,30.1,10.16,3.76,8.29,0.3,32.8,27.84,47.35,Good
2021-05-12,28.59,42.28,12.29,4.0,9.04,0.32,42.4,27.89,47.65,Good
2021-05-13,28.68,44.45,16.81,3.15,10.07,0.43,34.89,27.96,47.8,Good
2021-05-14,28.72,49.86,13.25,3.57,12.84,0.37,47.38,31.01,49.86,Good
2021-05-15,28.74,41.06,9.29,3.84,9.69,0.28,26.29,32.41,47.9,Good
2021-05-16,28.75,24.81,7.32,3.79,9.59,0.21,17.91,32.65,47.92,Good
2021-05-17,28.76,19.75,6.98,3.79,8.85,0.23,22.52,33.33,47.93,Good
2021-05-18,28.76,23.62,7.18,4.61,8.48,0.24,20.65,33.04,47.93,Good
2021-05-19,28.76,24.95,8.59,7.83,7.92,0.26,23.4,32.62,47.93,Good
2021-05-20,28.76,22.16,7.3,11.04,7.46,0.2,18.2,32.77,47.93,Good
2021-05-21,28.76,26.55,7.71,12.01,8.87,0.21,21.95,32.01,47.93,Good
2021-05-22,28.76,34.96,8.99,14.48,8.25,0.26,22.68,31.28,47.93,Good
2021-05-23,28.76,58.22,10.24,15.38,7.55,0.36,32.83,32.11,58.22,Satisfactory
2021-05-24,28.76,38.38,11.91,13.06,7.68,0.34,24.16,28.87,47.93,Good
2021-05-25,28.76,20.56,8.26,11.4,8.05,0.26,30.27,29.11,47.93,Good
2021-05-26,28.76,22.13,6.14,10.41,8.5,0.25,49.75,28.89,49.75,Good
2021-05-27,28.76,28.57,7.15,10.05,7.32,0.26,30.04,28.8,47.93,Good
2021-05-28,28.76,44.89,6.77,7.76,6.87,0.23,28.13,31.02,47.93,Good
2021-05-29,28.76,56.67,6.89,5.85,7.38,0.24,31.77,31.28,56.67,Satisfactory
2021-05-30,28.76,53.52,6.85,5.27,8.19,0.24,26.4,31.53,53.52,Satisfactory
2021-05-31,28.76,33.78,10.49,4.51,8.66,0.32,35.04,28.92,47.93,Good
2021-06-01,28.76,44.11,8.71,3.75,8.38,0.29,36.02,31.24,47.93,Good
2021-06-02,28.76,31.17,8.82,3.37,8.97,0.28,42.37,30.53,47.93,Good
2021-06-03,28.76,31.96,7.96,2.88,9.48,0.27,32.18,31.62,47.93,Good
2021-06-04,28.76,42.97,7.71,2.54,10.2,0.29,36.31,32.15,47.93,Good
2021-06-05,28.76,41.67,8.66,2.12,9.15,0.29,34.1,31.72,47.93,Good
2021-06-06,28.76,40.85,8.65,2.04,10.59,0.3,41.38,31.64,47.93,Good
2021-06-07,28.76,30.52,7.75,1.9,9.35,0.26,35.79,31.06,47.93,Good
2021-06-08,28.76,25.94,7.35,1.83,9.55,0.25,39.29,31.06,47.93,Good
2021-06-09,28.76,37.28,10.92,1.37,10.83,0.36,42.54,30.38,47.93,Good
2021-06-10,28.76,36.34,9.07,1.39,8.35,0.35,49.37,31.15,49.37,Good
2021-06-11,28.76,30.9,9.15,1.28,7.86,0.37,33.47,30.09,47.93,Good
2021-06-12,28.76,26.48,9.67,8.04,8.0,0.34,17.29,29.94,47.93,Good
2021-06-13,28.76,21.92,7.37,12.32,7.47,0.3,23.92,30.13,47.93,Good
2021-06-14,28.76,26.03,7.65,12.08,7.91,0.32,27.23,30.21,47.93,Good
2021-06-15,28.76,26.37,10.06,11.68,7.94,0.37,28.89,29.28,47.93,Good
2021-06-16,28.76,32.41,11.14,11.51,8.29,0.34,30.55,28.32,47.93,Good
2021-06-17,28.76,21.37,10.12,11.84,8.66,0.29,31.56,27.47,47.93,Good
2021-06-18,28.76,16.66,8.82,11.92,7.92,0.26,15.11,28.69,47.93,Good
2021-06-19,28.76,30.13,13.64,11.07,7.66,0.45,16.23,27.68,47.93,Good
2021-06-20,28.76,37.9,10.06,11.72,8.52,0.33,17.91,29.0,47.93,Good
2021-06-21,28.76,42.85,11.34,11.62,10.83,0.36,23.13,29.71,47.93,Good
2021-06-22,28.76,35.81,10.64,11.55,7.99,0.31,9.67,29.19,47.93,Good
2021-06-23,28.76,36.57,9.53,11.67,10.2,0.29,8.51,29.55,47.93,Good
2021-06-24,28.76,35.86,7.88,11.9,9.69,0.25,22.45,30.62,47.93,Good
2021-06-25,28.76,52.61,7.33,12.02,8.36,0.28,11.06,31.09,52.61,Satisfactory
2021-06-26,28.76,43.56,7.71,12.08,7.91,0.29,19.73,30.67,47.93,Good
2021-06-27,28.76,36.5,6.95,12.06,7.15,0.25,8.37,30.09,47.93,Good
2021-06-28,28.76,36.89,7.04,11.95,10.48,0.22,8.23,30.71,47.93,Good
2021-06-29,28.76,28.42,7.2,12.12,11.14,0.24,16.57,30.88,47.93,Good
2021-06-30,28.76,39.2,7.86,12.08,10.64,0.29,7.13,30.75,47.93,Good
2021-07-01,28.76,35.54,9.97,11.73,9.58,0.32,3.08,28.92,47.93,Good
2021-07-02,28.76,40.73,11.61,11.35,10.08,0.33,6.07,30.04,47.93,Good
2021-07-03,28.76,41.29,10.53,11.39,11.0,0.32,16.61,30.49,47.93,Good
2021-07-04,28.76,38.63,10.63,10.97,8.59,0.34,26.67,29.9,47.93,Good
2021-07-05,28.76,41.38,8.95,11.56,13.49,0.32,16.34,31.12,47.93,Good
2021-07-06,28.76,68.28,15.01,11.67,10.52,0.39,26.59,29.5,68.28,Satisfactory
2021-07-07,28.76,95.19,21.08,11.78,9.03,0.45,36.85,27.87,95.19,Satisfactory
2021-07-08,28.76,30.87,11.31,13.49,8.29,0.33,43.98,29.45,47.93,Good
2021-07-09,28.76,44.4,12.21,15.46,7.54,0.32,47.51,30.95,47.93,Good
2021-07-10,28.4,58.48,13.88,16.76,8.04,0.3,63.21,31.08,63.21,Satisfactory
2021-07-11,8.43,26.11,10.04,15.61,8.16,0.22,57.35,31.11,57.35,Satisfactory
2021-07-12,5.31,23.94,11.53,15.27,7.85,0.25,53.35,30.63,53.35,Satisfactory
2021-07-13,5.62,22.04,12.1,15.24,7.68,0.24,48.68,30.12,48.68,Good
2021-07-14,6.79,25.09,10.72,15.13,7.96,0.21,53.88,30.79,53.88,Satisfactory
2021-07-15,8.36,29.68,10.83,14.86,8.48,0.25,56.18,32.11,56.18,Satisfactory
2021-07-16,10.24,31.32,11.07,14.8,12.98,0.23,56.32,31.31,56.32,Satisfactory
2021-07-17,9.37,28.25,11.15,14.67,9.52,0.25,53.6,31.09,53.6,Satisfactory
2021-07-18,8.52,29.15,10.36,14.46,10.95,0.22,51.65,31.49,51.65,Satisfactory
2021-07-19,12.35,38.26,13.42,14.48,8.88,0.3,56.39,30.81,56.39,Satisfactory
2021-07-20,23.03,49.88,17.7,14.33,11.71,0.48,53.82,29.74,53.82,Satisfactory
2021-07-21,30.83,59.82,14.41,14.46,8.0,0.38,49.77,30.75,59.82,Satisfactory
2021-07-22,6.59,22.65,11.95,14.25,6.18,0.28,51.37,30.33,51.37,Satisfactory
2021-07-23,8.64,22.09,13.34,14.09,6.53,0.3,49.94,29.36,49.94,Good
2021-07-24,9.31,26.96,14.79,14.09,6.16,0.36,45.66,29.18,45.66,Good
2021-07-25,21.1,46.48,14.54,14.25,7.4,0.36,53.85,30.58,53.85,Satisfactory
2021-07-26,26.24,58.16,15.64,14.13,6.99,0.37,47.1,30.65,58.16,Satisfactory
2021-07-27,22.71,47.58,13.04,14.11,7.23,0.34,49.04,29.81,49.04,Good
2021-07-28,18.28,37.13,14.1,14.08,8.66,0.44,45.69,28.94,45.69,Good
2021-07-29,8.17,26.0,11.11,14.04,6.67,0.28,42.69,28.24,42.69,Good
2021-07-30,9.44,23.82,13.67,17.06,10.98,0.27,38.65,29.26,38.65,Good
2021-07-31,19.13,37.5,15.39,16.48,11.02,0.3,47.22,29.9,47.22,Good
2021-08-01,23.51,47.38,13.18,15.14,12.32,0.28,53.77,30.89,53.77,Satisfactory
2021-08-02,32.01,59.15,15.43,15.03,11.64,0.34,49.92,30.89,59.15,Satisfactory
2021-08-03,33.98,58.12,18.09,14.78,10.15,0.45,44.83,29.78,58.12,Satisfactory
2021-08-04,38.32,60.75,18.1,14.74,8.81,0.44,41.15,29.04,63.87,Satisfactory
2021-08-05,34.0,58.94,22.01,15.29,9.67,0.58,48.03,29.92,58.94,Satisfactory
2021-08-06,33.65,57.79,22.65,10.69,7.62,0.44,55.42,30.42,57.79,Satisfactory
2021-08-07,28.65,43.87,19.55,9.24,8.78,0.38,49.95,29.84,49.95,Good
2021-08-08,23.45,32.28,16.39,9.03,10.2,0.32,51.98,29.6,51.98,Satisfactory
2021-08-09,26.27,45.35,14.53,8.81,11.65,0.31,56.75,30.74,56.75,Satisfactory
2021-08-10,25.68,40.18,14.42,8.73,9.59,0.3,60.32,30.9,60.32,Satisfactory
2021-08-11,32.92,59.06,15.49,14.76,16.73,0.32,71.63,31.76,71.63,Satisfactory
2021-08-12,30.34,53.5,19.81,10.96,7.26,0.42,57.19,29.95,57.19,Satisfactory
2021-08-13,30.67,58.05,18.21,8.76,11.05,0.37,61.26,30.25,61.26,Satisfactory
2021-08-14,31.11,56.45,15.97,8.4,8.11,0.34,53.12,30.69,56.45,Satisfactory
2021-08-15,16.56,34.69,11.8,8.35,8.52,0.26,52.47,31.37,52.47,Satisfactory
2021-08-16,13.12,29.12,13.64,8.22,7.11,0.28,46.13,30.52,46.13,Good
2021-08-17,11.29,24.9,14.07,8.0,6.85,0.3,45.16,29.78,45.16,Good
2021-08-18,12.37,25.05,13.21,7.79,8.77,0.29,52.0,29.49,52.0,Satisfactory
2021-08-19,12.42,27.14,12.95,7.8,8.47,0.27,46.69,29.19,46.69,Good
2021-08-20,12.01,27.05,12.29,7.76,7.47,0.28,42.08,28.95,42.08,Good
2021-08-21,12.16,29.65,12.8,7.71,8.08,0.27,44.49,30.04,44.49,Good
2021-08-22,14.08,34.89,11.09,7.54,11.97,0.21,53.32,30.96,53.32,Satisfactory
2021-08-23,14.03,42.2,11.68,7.7,12.87,0.26,61.37,31.12,61.37,Satisfactory
2021-08-24,23.69,55.62,14.72,7.62,13.85,0.31,56.73,30.98,56.73,Satisfactory
2021-08-25,26.7,59.12,16.67,7.59,18.01,0.35,51.44,30.79,59.12,Satisfactory
2021-08-26,4.14,27.75,20.59,7.57,9.44,0.41,43.56,29.6,43.56,Good
2021-08-27,13.29,25.68,20.48,7.08,8.23,0.5,34.91,29.23,34.91,Good
2021-08-28,17.86,27.23,14.4,7.29,7.0,0.29,31.28,30.27,31.28,Good
2021-08-29,20.14,25.22,11.93,7.06,8.16,0.25,41.65,30.08,41.65,Good
2021-08-30,22.43,27.14,13.78,9.64,8.3,0.27,35.21,30.09,37.38,Good
2021-08-31,9.98,35.97,14.16,8.21,7.2,0.27,38.36,30.34,38.36,Good
2021-09-01,12.85,36.89,13.75,6.31,11.66,0.28,41.89,30.71,41.89,Good
2021-09-02,16.48,40.13,15.25,5.98,9.55,0.37,39.06,30.27,40.13,Good
2021-09-03,20.78,48.16,16.77,5.94,11.83,0.31,42.42,30.66,48.16,Good
2021-09-04,21.42,46.85,15.81,5.17,9.9,0.35,27.27,29.39,46.85,Good
2021-09-05,27.86,53.95,15.09,6.19,5.97,0.32,33.24,29.48,53.95,Satisfactory
2021-09-06,34.3,61.06,14.36,7.21,2.05,0.3,39.22,29.58,61.06,Satisfactory
2021-09-07,18.42,51.92,13.67,6.63,7.91,0.27,30.22,28.62,51.92,Satisfactory
2021-09-08,22.24,47.36,13.06,6.52,7.76,0.26,35.78,29.84,47.36,Good
2021-09-09,22.28,45.08,13.8,6.55,7.93,0.35,33.05,30.18,45.08,Good
2021-09-10,45.21,43.94,18.87,6.83,14.5,0.41,49.81,30.41,75.35,Satisfactory
2021-09-11,21.88,43.36,14.91,6.42,8.31,0.35,31.23,29.54,43.36,Good
2021-09-12,20.64,43.08,11.42,6.64,9.31,0.24,36.37,30.07,43.08,Good
2021-09-13,17.55,42.94,13.28,6.63,7.28,0.29,35.17,29.05,42.94,Good
2021-09-14,19.79,42.86,13.94,6.72,8.13,0.27,26.06,27.87,42.86,Good
2021-09-15,18.86,42.83,13.36,6.99,7.91,0.29,31.25,29.17,42.83,Good
2021-09-16,26.35,42.81,12.33,7.02,7.74,0.25,36.13,30.46,43.92,Good
2021-09-17,30.95,42.8,13.21,4.83,9.91,0.35,41.72,29.68,51.58,Satisfactory
2021-09-18,33.24,42.8,13.65,3.74,10.99,0.4,44.52,29.29,55.4,Satisfactory
2021-09-19,34.39,42.8,13.87,3.2,11.53,0.43,45.92,29.09,57.32,Satisfactory
2021-09-20,34.97,42.8,13.98,2.92,11.8,0.44,46.62,28.99,58.28,Satisfactory
2021-09-21,35.25,42.8,14.04,2.79,11.94,0.45,46.97,28.94,58.75,Satisfactory
2021-09-22,35.39,42.8,14.06,2.72,12.0,0.45,47.14,28.91,58.98,Satisfactory
2021-09-23,35.47,42.8,14.07,2.69,12.04,0.45,47.23,28.9,59.12,Satisfactory
2021-09-24,35.5,42.8,14.08,2.67,12.05,0.45,47.27,28.89,59.17,Satisfactory
2021-09-25,35.52,42.8,14.09,2.66,12.06,0.45,47.29,28.89,59.2,Satisfactory
2021-09-26,35.53,42.8,14.09,2.66,12.07,0.45,47.3,28.89,59.22,Satisfactory
2021-09-27,35.53,42.8,14.09,2.66,12.07,0.45,47.3,28.89,59.22,Satisfactory
2021-09-28,35.53,42.8,14.09,2.66,12.07,0.45,47.3,28.89,59.22,Satisfactory
2021-09-29,35.53,42.8,14.09,2.66,12.07,0.45,47.3,28.89,59.22,Satisfactory
2021-09-30,35.53,42.8,14.09,2.66,12.07,0.45,47.3,28.89,59.22,Satisfactory
2021-10-01,35.53,42.8,14.09,2.66,12.07,0.45,47.3,28.89,59.22,Satisfactory
2021-10-02,35.53,42.8,14.09,2.66,12.07,0.45,47.3,28.89,59.22,Satisfactory
2021-10-03,35.53,42.8,14.09,2.66,12.07,0.45,47.3,28.89,59.22,Satisfactory
2021-10-04,35.53,42.8,14.09,2.66,12.07,0.45,47.3,28.89,59.22,Satisfactory
2021-10-05,35.54,42.8,14.09,2.65,12.07,0.45,47.31,28.89,59.23,Satisfactory
2021-10-06,35.63,42.79,12.97,3.02,12.43,0.45,62.42,29.51,62.42,Satisfactory
2021-10-07,42.43,48.67,12.33,3.01,11.91,0.43,56.0,29.93,70.72,Satisfactory
2021-10-08,50.93,70.43,14.45,3.01,8.95,0.63,67.85,30.36,84.88,Satisfactory
2021-10-09,65.77,83.99,15.5,3.33,9.01,0.79,43.01,29.94,119.23,Moderately Polluted
2021-10-10,76.01,79.04,12.84,3.53,8.35,0.69,51.65,30.12,153.37,Moderately Polluted
2021-10-11,50.94,100.21,12.78,3.99,8.04,0.49,54.37,30.57,100.14,Moderately Polluted
2021-10-12,76.86,100.87,13.38,4.68,8.8,0.54,48.71,30.37,156.2,Moderately Polluted
2021-10-13,62.62,92.25,13.06,4.64,7.96,0.64,37.48,30.24,108.73,Moderately Polluted
2021-10-14,26.72,45.27,11.53,4.37,7.26,0.46,29.27,30.18,45.27,Good
2021-10-15,27.44,43.15,9.95,4.52,8.33,0.45,34.02,30.29,45.73,Good
2021-10-16,8.67,27.44,10.26,4.44,7.55,0.4,25.89,29.85,27.44,Good
2021-10-17,8.17,26.07,9.53,4.39,7.71,0.32,25.1,28.72,26.07,Good
2021-10-18,7.91,21.71,9.32,4.09,8.09,0.32,22.8,27.97,22.8,Good
2021-10-19,7.72,22.28,9.67,4.09,8.21,0.31,17.29,27.81,22.28,Good
2021-10-20,10.71,27.01,9.1,4.14,7.52,0.33,15.09,29.18,27.01,Good
2021-10-21,46.03,76.08,20.34,2.96,11.28,1.01,30.4,29.76,76.72,Satisfactory
2021-10-22,53.37,86.67,18.38,3.62,16.98,0.88,36.37,30.1,88.95,Satisfactory
2021-10-23,94.43,134.96,22.07,3.97,12.37,0.83,34.34,29.14,214.77,Poor
2021-10-24,61.5,100.27,16.64,4.26,9.83,0.67,32.08,28.56,105.0,Moderately Polluted
2021-10-25,64.11,96.97,19.84,6.7,9.8,0.82,27.88,28.46,113.7,Moderately Polluted
2021-10-26,73.75,103.98,23.6,5.62,11.3,0.68,40.37,28.87,145.83,Moderately Polluted
2021-10-27,57.05,84.23,18.98,5.25,10.0,0.56,34.9,29.16,95.08,Satisfactory
2021-10-28,54.89,77.19,17.87,4.51,9.58,0.7,28.45,28.77,91.48,Satisfactory
2021-10-29,59.08,88.23,13.88,4.58,16.07,0.51,41.69,29.16,98.47,Satisfactory
2021-10-30,56.91,93.32,16.43,4.61,23.84,0.52,51.94,28.55,94.85,Satisfactory
2021-10-31,66.1,101.32,19.51,4.63,22.4,0.51,61.49,28.3,120.33,Moderately Polluted
2021-11-01,75.84,110.01,28.01,4.42,16.68,0.69,40.25,27.78,152.8,Moderately Polluted
2021-11-02,72.76,105.47,26.88,11.9,14.9,0.6,39.17,27.45,142.53,Moderately Polluted
2021-11-03,64.07,99.8,23.31,7.04,16.66,0.58,41.06,26.69,113.57,Moderately Polluted
2021-11-04,91.42,147.85,21.79,5.0,21.05,0.65,47.84,26.39,204.73,Poor
2021-11-05,94.4,158.92,16.39,3.45,13.87,0.68,50.7,25.89,214.67,Poor
2021-11-06,77.32,139.06,17.45,2.42,13.67,0.64,44.73,25.43,157.73,Moderately Polluted
2021-11-07,76.22,138.98,15.35,1.92,15.34,0.62,48.33,25.41,154.07,Moderately Polluted
2021-11-08,73.65,135.68,14.47,1.31,16.03,0.62,43.05,25.44,145.5,Moderately Polluted
2021-11-09,77.55,143.88,12.39,1.15,29.68,0.75,44.52,25.83,158.5,Moderately Polluted
2021-11-10,76.19,142.57,8.68,1.26,20.35,0.91,37.37,26.24,153.97,Moderately Polluted
2021-11-11,66.87,136.55,5.72,1.29,22.67,0.87,40.74,26.63,124.37,Moderately Polluted
2021-11-12,60.0,120.33,4.37,1.31,11.71,0.6,36.27,27.14,113.55,Moderately Polluted
2021-11-13,44.91,83.82,3.63,1.3,9.7,0.49,36.53,26.29,83.82,Satisfactory
2021-11-14,36.55,62.72,3.32,1.31,8.94,0.42,40.8,25.53,62.72,Satisfactory
2021-11-15,35.04,58.78,3.48,1.33,9.36,0.5,31.27,24.7,58.78,Satisfactory
2021-11-16,57.71,99.38,3.96,1.38,17.71,0.63,35.47,25.85,99.38,Satisfactory
2021-11-17,74.89,129.61,4.11,1.38,17.33,0.75,45.18,25.22,149.63,Moderately Polluted
2021-11-18,72.35,126.48,4.43,1.41,17.18,0.67,36.49,25.32,141.17,Moderately Polluted
2021-11-19,76.66,135.87,4.79,1.45,16.28,0.94,42.27,25.16,155.53,Moderately Polluted
2021-11-20,79.45,159.75,4.39,1.44,16.79,0.79,70.53,27.16,164.83,Moderately Polluted
2021-11-21,80.84,171.69,4.19,1.44,17.04,0.72,84.66,28.16,169.47,Moderately Polluted
2021-11-22,81.54,177.66,4.09,1.44,17.16,0.68,91.72,28.66,171.8,Moderately Polluted
2021-11-23,81.89,180.64,4.04,1.44,17.23,0.66,95.25,28.91,172.97,Moderately Polluted
2021-11-24,82.06,182.13,4.02,1.44,17.26,0.65,97.02,29.04,173.53,Moderately Polluted
2021-11-25,82.24,183.63,3.99,1.44,17.29,0.64,98.78,29.17,174.13,Moderately Polluted
2021-11-26,74.9,162.46,3.79,1.36,18.61,0.44,98.65,28.9,149.67,Moderately Polluted
2021-11-27,71.23,151.88,3.69,1.33,19.27,0.34,98.59,28.76,137.43,Moderately Polluted
2021-11-28,69.4,146.58,3.64,1.31,19.6,0.29,98.56,28.69,131.33,Moderately Polluted
2021-11-29,68.48,143.94,3.62,1.3,19.77,0.27,98.54,28.66,129.29,Moderately Polluted
2021-11-30,68.02,142.62,3.6,1.29,19.85,0.26,98.53,28.64,128.41,Moderately Polluted
2021-12-01,67.56,141.29,3.59,1.29,19.93,0.24,98.52,28.62,127.53,Moderately Polluted
2021-12-02,39.41,78.75,3.36,1.29,13.86,0.35,55.45,26.46,78.75,Satisfactory
2021-12-03,25.33,47.48,3.25,1.29,10.82,0.41,33.92,25.38,47.48,Good
2021-12-04,18.29,31.84,3.19,1.29,9.3,0.43,23.16,24.84,31.84,Good
2021-12-05,14.77,24.02,3.16,1.29,8.54,0.45,17.77,24.57,24.62,Good
2021-12-06,11.25,16.21,3.13,1.3,7.79,0.46,12.39,24.31,23.0,Good
2021-12-07,22.24,40.0,3.29,1.31,12.12,0.59,14.55,24.63,40.0,Good
2021-12-08,44.46,84.36,3.98,1.33,9.49,0.67,22.84,24.93,84.36,Satisfactory
2021-12-09,49.06,87.56,4.11,1.32,7.78,0.61,21.66,24.67,87.56,Satisfactory
2021-12-10,57.21,112.69,4.52,1.37,11.93,0.95,29.54,24.76,108.46,Moderately Polluted
2021-12-11,103.13,190.5,5.16,1.4,13.43,1.1,35.62,24.85,243.77,Poor
2021-12-12,113.61,225.28,6.2,9.49,15.23,1.08,32.87,24.25,278.7,Poor
2021-12-13,118.85,242.68,6.71,13.54,16.13,1.07,31.49,23.95,296.17,Poor
2021-12-14,124.1,260.07,7.23,17.59,17.04,1.06,30.12,23.64,303.15,Very poor
2021-12-15,127.72,216.44,6.46,19.67,19.79,0.9,43.8,22.42,305.94,Very poor
2021-12-16,139.11,233.4,7.91,19.94,23.82,0.96,37.25,22.46,314.7,Very poor
2021-12-17,104.44,187.9,17.53,16.04,25.55,1.05,37.55,22.73,248.13,Poor
2021-12-18,124.6,228.6,28.36,12.36,24.49,1.25,33.14,22.6,303.54,Very poor
2021-12-19,86.1,154.47,26.53,12.29,18.6,0.51,46.48,22.06,187.0,Moderately Polluted
2021-12-20,87.56,147.49,26.21,12.31,20.73,0.48,60.46,21.16,191.87,Moderately Polluted
2021-12-21,116.08,215.3,20.39,15.08,19.61,1.12,32.45,21.38,286.93,Poor
2021-12-22,100.93,185.27,7.56,19.9,11.62,0.94,19.33,22.14,236.43,Poor
2021-12-23,114.83,228.12,8.31,19.91,12.44,1.1,19.67,22.0,282.77,Poor
2021-12-24,120.58,246.97,9.23,19.97,11.08,1.31,18.17,22.5,300.45,Very poor
2021-12-25,117.84,248.45,9.63,20.0,12.12,1.35,20.33,23.18,292.8,Poor
2021-12-26,83.02,202.45,9.08,19.93,12.37,1.34,19.58,23.7,176.73,Moderately Polluted
2021-12-27,68.61,179.18,8.34,19.92,11.22,1.25,17.75,23.95,152.79,Moderately Polluted
2021-12-28,104.95,195.67,9.86,17.05,13.48,1.03,22.36,24.07,249.83,Poor
2021-12-29,107.4,199.0,12.43,13.37,19.49,0.86,33.05,23.81,258.0,Poor
2021-12-30,108.53,193.85,12.26,13.38,23.31,0.91,17.44,22.74,261.77,Poor
2021-12-31,72.74,128.73,11.9,11.86,19.31,0.84,31.35,22.92,142.47,Moderately Polluted
2022-01-01,94.26,188.75,12.8,10.42,15.99,0.76,42.92,23.35,214.2,Poor
2022-01-02,82.41,135.43,8.37,8.46,16.1,0.62,34.72,21.95,174.7,Moderately Polluted
2022-01-03,96.8,162.5,6.15,7.48,18.07,0.77,36.82,22.09,222.67,Poor
2022-01-04,128.76,212.47,5.04,6.99,19.33,0.86,34.17,21.72,306.74,Very poor
2022-01-05,132.18,219.95,4.49,6.75,19.05,0.99,36.37,21.71,309.37,Very poor
2022-01-06,115.19,192.08,4.21,6.62,14.22,1.06,38.48,22.41,283.97,Poor
2022-01-07,131.64,224.82,4.08,6.56,19.35,1.11,37.3,22.96,308.95,Very poor
2022-01-08,94.54,160.07,4.01,6.53,12.25,0.72,44.44,23.48,215.13,Poor
2022-01-09,85.51,150.45,3.97,6.52,15.05,0.63,51.19,23.64,185.03,Moderately Polluted
2022-01-10,81.0,145.64,3.96,6.51,16.45,0.58,54.56,24.27,170.0,Moderately Polluted
2022-01-11,76.48,140.83,3.95,6.5,17.86,0.54,57.94,25.04,154.93,Moderately Polluted
2022-01-12,59.26,103.7,3.95,6.5,20.47,0.77,21.55,23.15,102.47,Moderately Polluted
2022-01-13,66.46,115.13,3.95,6.5,22.27,0.67,23.03,23.56,121.53,Moderately Polluted
2022-01-14,61.23,100.91,3.95,6.5,14.31,0.49,29.41,22.84,104.1,Moderately Polluted
2022-01-15,67.06,114.46,3.95,6.5,19.78,0.64,29.62,22.88,123.53,Moderately Polluted
2022-01-16,76.11,129.03,3.95,6.5,16.88,0.44,46.69,22.2,153.7,Moderately Polluted
2022-01-17,91.71,146.97,3.95,6.5,20.74,0.55,44.34,21.7,205.7,Poor
2022-01-18,99.91,168.88,3.95,6.5,17.62,0.7,42.29,21.75,233.03,Poor
2022-01-19,114.51,194.5,3.95,6.5,15.47,0.8,36.31,21.86,281.7,Poor
2022-01-20,120.61,216.4,3.95,6.5,22.18,0.91,40.65,22.02,300.47,Very poor
2022-01-21,140.31,244.94,3.95,6.5,21.65,1.09,38.03,22.96,315.62,Very poor
2022-01-22,92.42,149.25,3.95,6.5,14.52,0.69,31.3,23.84,208.07,Poor
2022-01-23,109.87,175.89,3.95,6.5,15.67,0.83,29.66,22.97,266.23,Poor
2022-01-24,77.05,130.12,3.95,6.5,12.38,0.73,30.42,22.64,156.83,Moderately Polluted
2022-01-25,88.36,160.64,3.95,6.5,13.54,0.76,29.16,23.47,194.53,Moderately Polluted
2022-01-26,86.81,144.29,3.95,6.5,17.99,0.59,39.62,21.42,189.37,Moderately Polluted
2022-01-27,77.13,136.32,3.95,6.5,16.47,0.55,43.03,19.38,157.1,Moderately Polluted
2022-01-28,81.94,158.34,3.95,6.5,17.36,0.57,51.57,17.49,173.13,Moderately Polluted
2022-01-29,96.6,170.4,3.95,6.5,20.05,0.7,45.54,17.16,222.0,Poor
2022-01-30,118.86,212.9,3.95,6.5,13.5,0.96,42.82,17.54,296.2,Poor
2022-01-31,82.18,150.12,3.95,6.5,22.06,0.59,52.99,19.89,173.93,Moderately Polluted
2022-02-01,62.52,118.26,3.95,6.5,25.04,0.62,39.69,21.31,112.17,Moderately Polluted
2022-02-02,71.45,129.76,3.95,6.5,22.45,0.64,39.4,22.65,138.17,Moderately Polluted
2022-02-03,51.02,95.07,3.95,6.5,20.13,0.35,30.91,23.94,95.07,Satisfactory
2022-02-04,27.28,49.24,3.95,6.5,11.35,0.34,38.3,20.38,49.24,Good
2022-02-05,40.99,82.67,3.95,6.5,14.61,0.52,35.98,19.61,82.67,Satisfactory
2022-02-06,58.27,116.69,3.95,6.5,16.54,0.44,53.47,18.92,111.13,Moderately Polluted
2022-02-07,55.3,105.84,3.95,6.5,16.77,0.56,50.37,19.58,103.89,Moderately Polluted
2022-02-08,76.96,141.3,3.95,6.5,25.48,0.63,41.44,20.77,156.53,Moderately Polluted
2022-02-09,72.21,138.96,3.95,6.5,19.15,0.6,31.52,21.98,140.7,Moderately Polluted
2022-02-10,66.04,130.56,3.95,6.5,11.4,0.71,14.6,21.08,120.37,Moderately Polluted
2022-02-11,86.77,148.6,3.95,6.5,13.93,0.73,27.59,20.65,189.23,Moderately Polluted
2022-02-12,61.06,121.56,3.95,6.5,16.92,0.53,43.77,19.94,114.37,Moderately Polluted
2022-02-13,60.17,123.86,3.95,6.5,19.24,0.45,61.97,19.97,115.91,Moderately Polluted
2022-02-14,72.36,136.21,3.95,6.5,23.53,0.57,53.49,20.08,141.2,Moderately Polluted
2022-02-15,88.21,172.98,3.95,6.5,18.53,0.83,49.76,19.83,194.03,Moderately Polluted
2022-02-16,102.33,191.61,3.95,6.5,19.74,0.9,52.2,20.6,241.1,Poor
2022-02-17,108.51,212.52,3.95,6.5,24.45,0.93,51.98,21.84,261.7,Poor
2022-02-18,97.86,179.66,3.95,6.5,16.6,0.99,43.47,21.74,226.2,Poor
2022-02-19,102.85,211.89,3.94,6.5,18.26,0.98,43.0,21.89,242.83,Poor
2022-02-20,77.17,156.11,3.97,6.5,24.41,0.69,29.67,22.19,157.23,Moderately Polluted
2022-02-21,60.91,114.35,4.01,6.5,13.77,0.53,42.36,23.45,109.57,Moderately Polluted
2022-02-22,70.1,140.04,4.01,6.47,16.07,0.56,38.18,23.88,133.67,Moderately Polluted
2022-02-23,81.02,153.9,4.59,6.71,9.75,0.61,20.38,23.63,170.07,Moderately Polluted
2022-02-24,52.93,96.8,5.17,6.96,7.12,0.37,19.26,24.67,96.8,Satisfactory
2022-02-25,58.56,131.29,10.82,8.73,16.57,0.76,13.08,22.42,120.86,Moderately Polluted
2022-02-26,112.37,223.13,5.36,8.31,23.17,0.94,42.94,24.97,274.57,Poor
2022-02-27,84.08,165.21,12.65,9.74,15.54,0.61,26.55,24.91,180.27,Moderately Polluted
2022-02-28,52.94,98.83,13.05,9.02,20.8,0.59,26.34,25.69,98.83,Satisfactory
2022-03-01,76.19,159.03,12.84,9.0,13.23,0.58,40.73,25.94,153.97,Moderately Polluted
2022-03-02,78.38,151.94,12.84,8.96,17.3,0.66,61.05,26.09,161.27,Moderately Polluted
2022-03-03,93.74,185.43,11.39,7.87,16.88,0.71,53.8,25.74,212.47,Poor
2022-03-04,101.59,199.79,8.27,6.09,20.96,0.84,44.89,26.16,238.63,Poor
2022-03-05,91.52,180.41,9.09,6.29,24.81,0.67,47.17,26.78,205.07,Poor
2022-03-06,70.68,159.15,8.03,6.15,18.61,0.47,49.42,27.23,139.43,Moderately Polluted
2022-03-07,73.64,166.09,6.86,6.0,14.89,0.66,54.65,27.48,145.47,Moderately Polluted
2022-03-08,76.59,173.02,5.69,5.84,11.17,0.84,59.88,27.72,155.3,Moderately Polluted
2022-03-09,102.24,236.39,5.74,5.7,34.07,0.86,56.21,26.38,240.8,Poor
2022-03-10,113.6,256.33,5.95,5.74,38.6,0.94,58.16,26.47,278.67,Poor
2022-03-11,98.37,217.25,5.96,5.74,32.97,0.8,48.53,26.82,227.9,Poor
2022-03-12,92.97,215.73,5.96,5.74,24.34,0.73,46.82,26.92,209.9,Poor
2022-03-13,81.88,190.85,5.94,5.75,26.99,0.63,51.97,27.16,172.93,Moderately Polluted
2022-03-14,85.62,214.58,5.93,5.74,27.51,0.76,59.35,27.5,185.4,Moderately Polluted
2022-03-15,95.61,217.58,5.92,5.75,36.4,0.63,55.07,28.87,218.7,Poor
2022-03-16,51.76,124.3,5.93,5.75,30.78,0.38,63.12,30.29,116.2,Moderately Polluted
2022-03-17,44.21,96.05,13.63,5.76,16.76,0.35,49.59,29.77,96.05,Satisfactory
2022-03-18,41.3,87.99,20.7,5.75,27.66,0.38,41.98,28.93,87.99,Satisfactory
2022-03-19,36.76,84.59,20.7,5.75,13.75,0.32,59.13,29.46,84.59,Satisfactory
2022-03-20,33.81,80.58,20.73,5.75,19.43,0.3,44.81,28.98,80.58,Satisfactory
2022-03-21,30.45,71.03,20.75,5.75,13.26,0.3,42.91,29.75,71.03,Satisfactory
2022-03-22,33.24,73.1,20.73,5.76,8.55,0.33,31.05,29.92,73.1,Satisfactory
2022-03-23,41.74,91.56,20.74,5.75,6.5,0.34,29.41,29.78,91.56,Satisfactory
2022-03-24,38.37,85.47,20.73,5.75,4.5,0.3,13.18,29.43,85.47,Satisfactory
2022-03-25,33.74,78.2,20.73,5.75,4.72,0.26,17.13,29.47,78.2,Satisfactory
2022-03-26,30.94,72.36,20.75,5.75,4.68,0.28,25.36,29.69,72.36,Satisfactory
2022-03-27,40.45,91.11,20.75,5.74,5.5,0.3,12.18,30.47,91.11,Satisfactory
2022-03-28,38.01,90.7,20.71,5.75,6.38,0.27,25.11,30.74,90.7,Satisfactory
2022-03-29,39.13,82.75,20.72,5.75,11.46,0.28,7.67,30.63,82.75,Satisfactory
2022-03-30,23.25,60.64,21.96,5.75,6.11,0.23,4.2,29.93,60.64,Satisfactory
2022-03-31,23.03,58.59,23.72,5.75,9.76,0.23,7.12,29.92,58.59,Satisfactory
2022-04-01,26.62,61.27,23.72,5.75,9.14,0.24,14.56,30.03,61.27,Satisfactory
2022-04-02,18.85,52.92,23.73,5.74,7.39,0.21,20.68,29.89,52.92,Satisfactory
2022-04-03,17.07,45.44,23.72,5.74,7.18,0.2,14.03,30.01,45.44,Good
2022-04-04,16.19,46.22,23.73,5.75,10.55,0.2,10.8,29.8,46.22,Good
2022-04-05,16.01,37.14,23.77,5.73,8.04,0.19,2.53,29.28,37.14,Good
2022-04-06,19.01,48.47,15.73,14.46,10.46,0.21,16.6,29.3,48.47,Good
2022-04-07,21.91,54.9,11.71,18.83,8.91,0.23,24.95,29.69,54.9,Satisfactory
2022-04-08,18.58,51.64,9.71,21.01,8.77,0.27,22.17,29.74,51.64,Satisfactory
2022-04-09,8.92,30.61,8.71,22.1,9.95,0.24,17.8,29.94,30.61,Good
2022-04-10,11.63,35.32,8.21,22.65,12.67,0.22,19.5,30.29,35.32,Good
2022-04-11,12.58,38.04,7.96,22.92,11.05,0.23,21.05,30.66,38.04,Good
2022-04-12,15.85,39.85,7.83,23.05,6.77,0.22,22.27,30.38,39.85,Good
2022-04-13,9.22,34.43,7.77,23.12,8.16,0.18,16.38,30.42,34.43,Good
2022-04-14,16.0,37.24,7.73,23.16,11.81,0.23,19.13,31.12,37.24,Good
2022-04-15,32.41,74.22,7.71,23.18,10.19,0.27,34.31,31.92,74.22,Satisfactory
2022-04-16,18.17,43.25,7.71,23.19,7.81,0.24,26.2,31.52,43.25,Good
2022-04-17,17.59,46.75,7.71,23.19,5.2,0.21,55.23,31.83,55.23,Satisfactory
2022-04-18,17.3,48.5,7.71,23.19,3.9,0.19,69.74,31.98,69.74,Satisfactory
2022-04-19,17.0,50.25,7.71,23.19,2.59,0.17,84.25,32.13,84.25,Satisfactory
2022-04-20,24.49,46.72,7.71,23.19,5.14,0.22,75.19,31.77,75.19,Satisfactory
2022-04-21,21.0,36.28,7.71,23.19,3.12,0.19,70.66,30.63,70.66,Satisfactory
2022-04-22,26.23,40.4,7.71,23.19,8.94,0.26,68.39,31.24,68.39,Satisfactory
2022-04-23,40.63,90.84,7.71,23.19,13.26,0.29,67.26,32.56,90.84,Satisfactory
2022-04-24,38.33,68.58,7.71,23.19,13.52,0.29,66.69,33.39,68.58,Satisfactory
2022-04-25,36.05,60.58,7.71,23.19,8.49,0.3,66.41,32.9,66.41,Satisfactory
2022-04-26,31.18,58.65,7.7,23.19,9.62,0.27,66.27,32.21,66.27,Satisfactory
2022-04-27,33.76,58.6,7.48,22.61,9.3,0.29,66.13,32.03,66.13,Satisfactory
2022-04-28,34.08,62.37,7.97,23.95,8.97,0.3,69.56,31.95,69.56,Satisfactory
2022-04-29,35.75,66.16,7.99,24.13,6.12,0.32,41.96,31.75,66.16,Satisfactory
2022-04-30,33.36,79.38,7.9,23.69,7.57,0.28,28.16,30.18,79.38,Satisfactory
2022-05-01,30.21,52.07,7.97,23.91,10.75,0.26,21.26,29.65,52.07,Satisfactory
2022-05-02,25.7,34.47,7.93,23.9,7.01,0.3,17.81,29.02,42.83,Good
2022-05-03,21.19,30.18,7.96,23.87,6.01,0.27,14.36,28.35,35.32,Good
2022-05-04,23.61,35.56,8.05,24.12,6.3,0.32,15.17,29.61,39.35,Good
2022-05-05,28.86,42.32,8.0,23.97,6.51,0.3,15.18,29.87,48.1,Good
2022-05-06,35.64,67.03,7.49,23.83,6.71,0.29,15.31,30.92,67.03,Satisfactory
2022-05-07,26.4,70.69,6.9,24.85,5.37,0.2,32.65,31.25,70.69,Satisfactory
2022-05-08,25.47,65.5,6.93,24.93,5.34,0.15,41.32,30.99,65.5,Satisfactory
2022-05-09,8.7,22.21,6.91,24.97,5.17,0.12,49.99,28.06,49.99,Good
2022-05-10,14.11,27.54,6.99,24.76,4.51,0.16,53.47,28.96,53.47,Satisfactory
2022-05-11,27.31,48.89,6.81,24.71,4.99,0.16,61.52,28.77,61.52,Satisfactory
2022-05-12,29.17,63.11,7.03,25.13,5.08,0.12,69.57,30.18,69.57,Satisfactory
2022-05-13,30.54,69.67,7.08,25.32,5.36,0.12,52.64,30.72,69.67,Satisfactory
2022-05-14,23.81,50.75,6.99,25.04,5.29,0.12,44.18,30.62,50.75,Satisfactory
2022-05-15,22.2,41.27,7.07,25.34,4.99,0.1,39.95,31.32,41.27,Good
2022-05-16,23.67,47.47,6.85,24.72,5.05,0.12,35.72,31.4,47.47,Good
2022-05-17,17.38,39.01,6.98,25.12,4.9,0.16,28.01,31.71,39.01,Good
2022-05-18,15.97,40.55,6.91,24.86,5.16,0.23,20.36,31.6,40.55,Good
2022-05-19,20.23,43.56,7.09,25.38,4.77,0.26,18.89,30.86,43.56,Good
2022-05-20,20.69,47.6,7.08,25.3,4.71,0.23,21.22,31.84,47.6,Good
2022-05-21,25.2,57.91,7.0,25.22,4.91,0.27,27.92,30.36,57.91,Satisfactory
2022-05-22,38.71,76.19,6.9,24.87,10.0,0.42,36.43,29.01,76.19,Satisfactory
2022-05-23,45.99,95.18,6.96,25.02,5.82,0.35,32.43,30.73,95.18,Satisfactory
2022-05-24,31.24,73.06,7.0,25.14,5.26,0.35,26.25,30.7,73.06,Satisfactory
2022-05-25,30.31,74.27,6.98,25.07,6.66,0.33,38.45,31.37,74.27,Satisfactory
2022-05-26,44.05,88.96,7.12,25.52,6.99,0.37,36.03,30.25,88.96,Satisfactory
2022-05-27,57.04,121.46,6.95,24.98,10.81,0.42,35.99,31.86,114.31,Moderately Polluted
2022-05-28,53.62,112.87,7.1,25.37,8.61,0.33,52.85,33.04,108.58,Moderately Polluted
2022-05-29,41.5,79.03,6.99,25.14,5.65,0.33,40.19,30.56,79.03,Satisfactory
2022-05-30,42.07,82.16,7.05,25.28,6.07,0.32,39.07,31.54,82.16,Satisfactory
2022-05-31,36.19,67.13,7.02,25.1,5.28,0.33,38.33,31.18,67.13,Satisfactory
2022-06-01,41.32,88.14,6.91,24.91,5.59,0.34,27.99,30.51,88.14,Satisfactory
2022-06-02,31.56,66.56,7.75,26.68,6.11,0.26,46.65,31.08,66.56,Satisfactory
2022-06-03,36.15,69.48,8.84,28.91,8.01,0.31,35.89,30.39,69.48,Satisfactory
2022-06-04,34.07,71.41,8.83,28.94,7.22,0.27,31.73,31.73,71.41,Satisfactory
2022-06-05,29.99,62.04,8.93,29.21,7.04,0.22,28.1,32.03,62.04,Satisfactory
2022-06-06,29.54,62.32,8.89,29.28,6.54,0.22,27.25,31.96,62.32,Satisfactory
2022-06-07,29.49,58.78,8.96,29.29,6.84,0.27,28.11,31.94,58.78,Satisfactory
2022-06-08,35.31,63.87,8.99,29.42,7.31,0.29,29.86,31.75,63.87,Satisfactory
2022-06-09,32.16,59.66,8.87,29.09,7.12,0.25,31.8,31.15,59.66,Satisfactory
2022-06-10,33.27,56.91,8.92,29.11,8.14,0.27,30.35,29.7,56.91,Satisfactory
2022-06-11,32.62,52.37,8.82,28.85,7.33,0.3,28.79,30.38,54.37,Satisfactory
2022-06-12,30.3,47.7,8.88,29.1,6.83,0.26,28.25,31.47,50.5,Satisfactory
2022-06-13,28.17,48.77,8.95,29.29,7.03,0.23,27.56,31.98,48.77,Good
2022-06-14,22.17,45.82,8.91,29.09,6.97,0.23,25.37,31.45,45.82,Good
2022-06-15,26.88,48.31,8.87,29.06,7.08,0.26,21.94,30.28,48.31,Good
2022-06-16,22.98,43.89,8.91,29.07,7.59,0.22,21.32,31.25,43.89,Good
2022-06-17,18.04,36.69,8.99,29.26,7.74,0.21,18.53,29.92,36.69,Good
2022-06-18,17.93,35.89,8.73,28.64,7.74,0.21,14.22,28.92,35.89,Good
2022-06-19,18.04,32.27,8.95,29.26,7.69,0.23,18.27,29.52,32.27,Good
2022-06-20,19.62,35.8,8.86,28.95,7.96,0.28,18.41,29.21,35.8,Good
2022-06-21,25.98,40.09,8.97,29.3,11.56,0.25,29.43,30.42,43.3,Good
2022-06-22,19.99,35.96,8.93,29.25,8.45,0.23,22.8,29.88,35.96,Good
2022-06-23,16.88,30.0,8.93,29.1,7.45,0.2,22.35,29.94,30.0,Good
2022-06-24,18.36,35.11,8.88,29.06,7.06,0.27,19.82,29.13,35.11,Good
2022-06-25,22.77,44.75,8.74,28.73,7.01,0.26,19.29,28.76,44.75,Good
2022-06-26,14.93,37.22,8.89,29.08,6.77,0.25,14.8,29.2,37.22,Good
2022-06-27,14.68,38.03,9.06,29.51,6.86,0.17,15.57,31.1,38.03,Good
2022-06-28,15.39,42.16,9.01,29.44,8.42,0.18,18.12,31.24,42.16,Good
2022-06-29,16.65,37.51,8.97,29.26,5.89,0.2,17.02,31.08,37.51,Good
2022-06-30,16.78,31.77,8.87,29.07,5.34,0.26,17.56,30.16,31.77,Good
2022-07-01,22.1,38.62,8.86,28.98,4.97,0.29,18.05,30.12,38.62,Good
2022-07-02,20.47,32.48,8.87,29.02,5.16,0.3,15.6,29.31,34.12,Good
2022-07-03,12.27,29.09,8.83,28.92,4.98,0.28,18.24,29.15,29.09,Good
2022-07-04,11.45,31.57,8.92,29.09,4.85,0.23,17.32,31.09,31.57,Good
2022-07-05,9.78,27.86,8.88,29.05,4.94,0.25,15.21,30.34,27.86,Good
2022-07-06,11.5,27.6,8.96,29.26,4.69,0.22,13.8,29.73,27.6,Good
2022-07-07,12.92,36.71,8.78,28.69,4.18,0.18,10.39,30.25,36.71,Good
2022-07-08,7.52,25.06,8.76,28.83,4.65,0.22,33.35,30.7,33.35,Good
2022-07-09,9.55,27.91,8.9,29.06,4.46,0.23,27.6,30.21,27.91,Good
2022-07-10,8.88,24.14,8.89,29.13,3.8,0.27,26.77,29.05,26.77,Good
2022-07-11,9.12,22.96,8.95,29.18,3.54,0.16,28.38,30.2,28.38,Good
2022-07-12,11.23,25.21,8.96,29.22,3.52,0.23,28.8,29.87,28.8,Good
2022-07-13,7.42,25.02,8.98,29.29,3.55,0.21,29.49,30.02,29.49,Good
2022-07-14,9.7,25.91,8.91,29.15,3.88,0.22,28.01,29.79,28.01,Good
2022-07-15,9.61,21.78,9.04,29.5,3.72,0.22,28.51,30.04,28.51,Good
2022-07-16,9.86,24.66,8.91,29.15,3.75,0.23,25.7,29.76,25.7,Good
2022-07-17,9.21,25.13,8.91,29.24,3.66,0.19,25.93,29.91,25.93,Good
2022-07-18,10.96,27.6,8.96,29.28,3.87,0.2,29.81,30.25,29.81,Good
2022-07-19,12.03,27.31,8.91,29.12,4.43,0.23,29.69,30.56,29.69,Good
2022-07-20,12.75,32.56,8.93,29.07,5.37,0.22,29.91,30.63,32.56,Good
2022-07-21,14.92,31.68,9.01,29.36,4.05,0.25,28.02,30.31,31.68,Good
2022-07-22,9.61,28.22,9.03,29.4,4.31,0.24,26.19,30.24,28.22,Good
2022-07-23,9.01,26.33,8.9,29.07,3.98,0.24,25.8,28.83,26.33,Good
2022-07-24,11.52,23.26,8.9,29.19,4.16,0.2,24.95,27.62,24.95,Good
2022-07-25,12.27,26.97,8.86,28.99,3.62,0.24,24.52,28.31,26.97,Good
2022-07-26,9.92,28.57,9.02,29.4,4.69,0.21,25.31,29.54,28.57,Good
2022-07-27,12.59,28.65,8.91,29.16,4.01,0.28,24.34,29.23,28.65,Good
2022-07-28,12.33,32.19,8.96,29.26,4.17,0.25,23.17,30.59,32.19,Good
2022-07-29,15.53,32.8,9.01,29.41,4.64,0.24,24.66,30.39,32.8,Good
2022-07-30,13.17,28.95,9.0,29.27,7.31,0.2,28.17,31.23,28.95,Good
2022-07-31,15.41,34.45,8.81,28.86,4.54,0.26,26.45,30.28,34.45,Good
2022-08-01,18.95,38.73,8.98,29.37,4.23,0.31,27.47,30.97,38.73,Good
2022-08-02,24.14,38.01,8.96,29.24,3.85,0.39,25.36,29.76,40.23,Good
2022-08-03,14.79,33.62,8.89,29.02,3.34,0.3,21.0,29.55,33.62,Good
2022-08-04,10.41,29.43,8.96,29.26,4.05,0.29,22.16,30.04,29.43,Good
2022-08-05,6.85,26.67,8.89,29.17,3.74,0.25,22.91,30.16,26.67,Good
2022-08-06,7.49,23.9,8.96,29.28,3.47,0.28,21.95,29.62,23.9,Good
2022-08-07,7.32,26.42,8.82,28.85,3.79,0.23,25.64,29.94,26.42,Good
2022-08-08,7.35,23.7,8.94,29.21,3.71,0.22,26.17,29.47,26.17,Good
2022-08-09,6.06,20.39,8.99,29.31,3.92,0.19,30.11,28.32,30.11,Good
2022-08-10,6.84,20.0,8.92,29.22,4.0,0.26,27.53,28.1,27.53,Good
2022-08-11,9.79,24.71,8.91,29.05,3.83,0.29,25.5,27.88,25.5,Good
2022-08-12,16.61,32.2,8.95,29.23,4.2,0.35,27.33,29.45,32.2,Good
2022-08-13,14.53,31.52,8.94,29.22,4.15,0.26,27.17,29.98,31.52,Good
2022-08-14,6.92,21.32,8.88,29.06,3.88,0.18,28.21,27.89,28.21,Good
2022-08-15,11.43,25.57,8.93,29.11,3.72,0.24,25.6,28.89,25.6,Good
2022-08-16,17.58,33.62,8.94,29.26,8.29,0.25,28.02,31.21,33.62,Good
2022-08-17,24.39,42.25,8.96,29.24,4.59,0.33,30.41,32.05,42.25,Good
2022-08-18,31.82,44.81,8.87,29.07,3.89,0.33,28.64,31.7,53.03,Satisfactory
2022-08-19,12.01,26.72,8.92,29.17,3.79,0.25,29.99,28.2,29.99,Good
2022-08-20,9.3,25.78,8.98,29.34,3.68,0.26,27.84,28.16,27.84,Good
2022-08-21,15.73,31.31,8.8,28.81,3.78,0.23,23.46,30.14,31.31,Good
2022-08-22,21.89,36.89,8.94,29.22,3.82,0.38,24.59,30.21,36.89,Good
2022-08-23,22.33,37.14,8.91,29.16,4.01,0.56,24.21,28.94,37.22,Good
2022-08-24,13.74,28.71,8.93,29.19,3.9,0.31,24.46,28.04,28.71,Good
2022-08-25,17.52,30.83,8.91,29.13,5.82,0.22,29.82,29.9,30.83,Good
2022-08-26,22.09,36.47,8.89,29.07,7.11,0.25,27.53,30.7,36.82,Good
2022-08-27,20.8,33.32,8.88,29.11,5.4,0.26,28.95,30.07,34.67,Good
2022-08-28,16.13,29.36,8.9,29.12,4.89,0.22,27.84,29.96,29.36,Good
2022-08-29,13.61,27.09,8.88,29.02,4.95,0.21,28.3,31.24,28.3,Good
2022-08-30,12.55,28.71,8.87,29.05,7.16,0.23,27.78,31.47,28.71,Good
2022-08-31,7.59,22.8,8.81,28.84,9.74,0.2,29.2,31.49,29.2,Good
2022-09-01,7.38,24.92,8.91,29.11,8.83,0.2,27.89,31.4,27.89,Good
2022-09-02,7.54,25.46,8.81,28.76,7.32,0.21,31.03,31.63,31.03,Good
2022-09-03,11.2,27.7,8.93,29.26,6.32,0.25,26.89,29.92,27.7,Good
2022-09-04,26.03,39.32,8.88,29.03,7.55,0.3,31.29,30.32,43.38,Good
2022-09-05,21.2,34.7,8.8,28.85,5.08,0.3,28.07,31.37,35.33,Good
2022-09-06,23.91,35.89,8.76,28.69,6.51,0.5,26.61,29.56,39.85,Good
2022-09-07,22.72,40.79,8.81,28.9,5.96,0.33,27.1,31.72,40.79,Good
2022-09-08,10.84,22.58,8.92,29.17,5.68,0.29,24.48,31.39,24.48,Good
2022-09-09,19.01,31.04,8.87,28.96,6.06,0.32,25.75,30.87,31.68,Good
2022-09-10,11.37,22.32,8.8,28.89,5.68,0.22,21.51,29.62,22.32,Good
2022-09-11,8.26,21.32,8.79,28.8,5.63,0.19,21.76,27.89,21.76,Good
2022-09-12,8.23,18.87,8.94,29.23,5.54,0.24,18.45,26.68,18.87,Good
2022-09-13,10.91,21.29,8.92,29.14,5.37,0.24,19.73,27.18,21.29,Good
2022-09-14,15.07,25.88,8.86,28.97,5.86,0.27,22.21,28.57,25.88,Good
2022-09-15,18.75,34.32,7.67,23.71,5.48,0.25,19.34,29.03,34.32,Good
2022-09-16,19.21,33.91,4.16,7.3,6.41,0.35,35.99,28.62,35.99,Good
2022-09-17,23.96,33.06,5.09,8.68,5.46,0.37,44.32,28.38,44.32,Good
2022-09-18,23.8,34.46,5.1,8.64,6.44,0.39,48.48,29.92,48.48,Good
2022-09-19,15.84,27.25,5.13,8.67,5.5,0.23,50.56,29.13,50.56,Satisfactory
2022-09-20,12.48,26.14,5.16,8.73,5.63,0.25,51.61,28.84,51.61,Satisfactory
2022-09-21,14.1,26.95,5.13,8.74,5.31,0.23,52.13,29.89,52.13,Satisfactory
2022-09-22,16.45,32.76,5.17,8.7,5.21,0.22,52.39,30.26,52.39,Satisfactory
2022-09-23,20.93,33.75,5.1,8.72,5.69,0.22,52.52,30.47,52.52,Satisfactory
2022-09-24,21.24,35.27,5.15,8.76,6.23,0.21,52.59,30.7,52.59,Satisfactory
2022-09-25,18.82,31.01,5.13,8.68,6.0,0.23,52.62,30.5,52.62,Satisfactory
2022-09-26,23.51,36.83,5.25,8.77,6.92,0.31,52.63,29.68,52.63,Satisfactory
2022-09-27,27.25,39.26,8.11,9.27,9.52,0.35,52.64,29.87,52.64,Satisfactory
2022-09-28,30.57,41.08,10.75,12.08,6.73,0.45,52.65,29.23,52.65,Satisfactory
2022-09-29,38.34,51.39,20.53,12.85,7.21,0.49,47.8,30.52,63.9,Satisfactory
2022-09-30,29.04,41.4,21.63,12.68,6.56,0.49,42.95,30.58,48.4,Good
2022-10-01,29.58,48.84,23.16,12.73,6.19,0.41,38.11,29.96,49.3,Good
2022-10-02,13.71,33.07,21.92,12.7,6.07,0.41,38.78,28.32,38.78,Good
2022-10-03,11.17,29.85,20.32,12.65,5.65,0.36,39.51,28.54,39.51,Good
2022-10-04,5.65,23.78,17.35,12.64,5.53,0.25,41.9,29.36,41.9,Good
2022-10-05,7.44,23.35,17.45,12.59,5.22,0.26,39.47,29.19,39.47,Good
2022-10-06,6.43,22.8,17.53,12.64,5.52,0.24,39.0,28.48,39.0,Good
2022-10-07,12.26,23.11,18.58,12.76,5.41,0.38,38.93,29.33,38.93,Good
2022-10-08,15.99,28.73,19.18,12.78,6.06,0.24,40.3,30.55,40.3,Good
2022-10-09,9.56,22.99,16.81,12.63,5.19,0.21,39.64,29.85,39.64,Good
2022-10-10,8.8,21.81,17.06,12.64,6.27,0.21,42.34,30.0,42.34,Good
2022-10-11,8.62,24.15,16.77,12.59,6.32,0.21,44.24,29.87,44.24,Good
2022-10-12,10.27,25.07,19.11,12.61,5.61,0.33,43.37,28.49,43.37,Good
2022-10-13,18.95,31.46,19.64,12.7,6.83,0.36,43.64,29.28,43.64,Good
2022-10-14,25.88,35.89,23.42,12.91,5.85,0.54,40.28,28.65,43.13,Good
2022-10-15,33.56,42.53,21.16,12.63,6.07,0.43,38.11,29.78,55.93,Satisfactory
2022-10-16,32.59,42.21,18.61,12.51,7.18,0.32,40.53,29.8,54.32,Satisfactory
2022-10-17,43.08,55.01,24.46,13.49,8.79,0.42,40.44,28.71,71.8,Satisfactory
2022-10-18,42.98,71.1,27.62,16.33,9.7,0.35,39.96,29.06,71.63,Satisfactory
2022-10-19,41.3,63.73,32.04,16.49,9.37,0.53,37.62,28.36,68.83,Satisfactory
2022-10-20,46.86,73.42,31.69,16.31,9.92,0.36,35.66,28.76,78.1,Satisfactory
2022-10-21,44.25,69.22,27.84,16.22,9.98,0.37,24.24,28.81,73.75,Satisfactory
2022-10-22,37.78,102.11,26.63,16.17,10.84,0.41,18.64,28.89,101.41,Moderately Polluted
2022-10-23,34.9,93.25,28.1,16.14,9.73,0.38,14.71,27.67,93.25,Satisfactory
2022-10-24,20.27,41.42,18.08,15.89,5.28,0.15,10.82,24.28,41.42,Good
2022-10-25,21.02,42.36,21.59,15.99,5.96,0.25,11.46,26.3,42.36,Good
2022-10-26,33.07,75.92,29.51,16.35,7.45,0.46,27.41,27.31,75.92,Satisfactory
2022-10-27,40.31,105.36,29.67,16.28,6.5,0.4,29.52,27.78,103.57,Moderately Polluted
2022-10-28,51.58,139.83,35.25,16.32,6.61,0.48,30.46,26.28,126.55,Moderately Polluted
2022-10-29,48.44,130.03,39.72,17.26,7.6,0.53,25.9,24.97,120.02,Moderately Polluted
2022-10-30,40.74,106.84,31.96,16.57,5.96,0.36,32.16,26.04,104.56,Moderately Polluted
2022-10-31,38.12,98.77,30.28,16.28,6.41,0.43,30.33,26.54,98.77,Satisfactory
2022-11-01,43.03,115.63,31.18,16.31,8.97,0.4,34.92,27.44,110.42,Moderately Polluted
2022-11-02,39.62,106.54,27.0,15.97,8.84,0.38,39.98,27.62,104.36,Moderately Polluted
2022-11-03,42.86,116.57,35.28,16.77,6.7,0.65,31.67,25.26,111.05,Moderately Polluted
2022-11-04,58.63,161.63,40.01,17.0,7.59,0.58,30.12,25.35,141.09,Moderately Polluted
2022-11-05,57.29,162.16,29.37,15.5,6.52,0.87,23.91,25.51,141.44,Moderately Polluted
2022-11-06,53.02,149.18,25.97,15.87,6.53,0.65,25.68,25.64,132.79,Moderately Polluted
2022-11-07,51.48,142.54,24.79,16.11,6.9,1.02,26.52,25.24,128.36,Moderately Polluted
2022-11-08,48.15,125.26,17.48,15.74,5.76,0.74,28.84,25.9,116.84,Moderately Polluted
2022-11-09,54.78,148.41,15.3,15.63,6.56,1.16,25.03,25.4,132.27,Moderately Polluted
2022-11-10,51.13,128.06,12.04,15.74,6.14,0.77,24.26,26.03,118.71,Moderately Polluted
2022-11-11,50.99,138.4,15.41,15.58,6.46,0.74,27.89,25.37,125.6,Moderately Polluted
2022-11-12,64.3,196.78,15.06,15.83,9.05,1.32,25.35,24.68,164.52,Moderately Polluted
2022-11-13,57.59,174.42,15.1,15.71,7.1,0.72,32.08,23.81,149.61,Moderately Polluted
2022-11-14,57.89,173.46,15.18,15.87,9.0,0.86,30.25,22.78,148.97,Moderately Polluted
2022-11-15,57.43,177.82,15.25,15.89,8.58,0.94,31.69,22.9,151.88,Moderately Polluted
2022-11-16,69.41,210.03,15.22,15.84,9.9,1.19,30.91,22.89,173.35,Moderately Polluted
2022-11-17,85.88,258.45,15.66,16.02,11.32,1.27,26.24,23.49,208.45,Poor
2022-11-18,67.29,214.44,11.64,15.82,9.59,0.9,31.9,23.8,176.29,Moderately Polluted
2022-11-19,48.63,151.28,11.03,15.65,9.76,0.56,39.34,23.49,134.19,Moderately Polluted
2022-11-20,53.0,176.2,11.55,15.67,9.08,0.64,34.61,23.84,150.8,Moderately Polluted
2022-11-21,48.73,156.49,11.35,15.68,8.77,0.61,33.82,24.68,137.66,Moderately Polluted
2022-11-22,57.87,199.18,10.53,15.49,9.03,0.72,33.34,23.48,166.12,Moderately Polluted
2022-11-23,74.59,236.88,13.67,15.87,7.95,0.9,32.24,22.19,191.25,Moderately Polluted
2022-11-24,72.07,238.08,8.78,15.01,9.48,0.64,30.26,22.02,192.05,Moderately Polluted
2022-11-25,69.45,234.11,7.92,15.4,12.53,1.06,31.78,22.81,189.41,Moderately Polluted
2022-11-26,73.54,236.64,5.76,16.04,8.91,1.08,28.26,22.05,191.09,Moderately Polluted
2022-11-27,72.57,235.28,4.29,15.98,8.25,0.99,26.33,22.03,190.19,Moderately Polluted
2022-11-28,66.28,210.22,3.73,15.96,6.65,0.95,26.23,22.9,173.48,Moderately Polluted
2022-11-29,52.09,170.98,3.59,15.92,9.76,0.78,26.77,24.31,147.32,Moderately Polluted
2022-11-30,48.04,169.04,3.45,15.93,11.41,0.94,29.45,25.6,146.03,Moderately Polluted
2022-12-01,55.52,179.73,3.26,15.94,10.51,0.85,29.06,24.18,153.15,Moderately Polluted
2022-12-02,63.51,210.25,3.11,15.94,10.83,0.95,28.86,22.43,173.5,Moderately Polluted
2022-12-03,79.86,246.44,6.3,18.62,13.72,0.95,30.74,21.49,197.63,Moderately Polluted
2022-12-04,69.6,220.54,8.84,26.79,10.04,0.52,33.14,21.11,180.36,Moderately Polluted
2022-12-05,65.29,205.13,6.6,26.11,9.21,0.44,32.05,21.67,170.09,Moderately Polluted
2022-12-06,58.71,195.4,4.51,25.88,9.27,0.47,29.99,21.73,163.6,Moderately Polluted
2022-12-07,77.59,247.9,5.1,25.78,12.42,0.51,31.93,20.91,198.6,Moderately Polluted
2022-12-08,72.72,228.18,5.02,24.79,9.94,0.82,25.57,20.54,185.45,Moderately Polluted
2022-12-09,68.74,219.54,4.43,24.68,9.07,0.78,24.16,21.19,179.69,Moderately Polluted
2022-12-10,66.27,214.99,4.22,24.69,8.54,0.95,23.03,22.61,176.66,Moderately Polluted
2022-12-11,76.43,245.12,4.08,24.64,11.24,0.92,28.02,22.73,196.75,Moderately Polluted
2022-12-12,78.99,260.15,4.15,24.7,7.04,1.23,30.1,22.2,210.15,Poor
2022-12-13,90.33,303.26,4.18,24.97,7.64,1.76,31.51,23.35,253.26,Poor
2022-12-14,81.12,274.75,4.0,24.69,9.15,1.27,29.36,22.11,224.75,Poor
2022-12-15,67.6,216.32,4.0,27.98,10.72,0.87,29.13,21.29,177.55,Moderately Polluted
2022-12-16,63.17,154.3,1.99,24.94,9.5,0.7,34.59,19.59,136.2,Moderately Polluted
2022-12-17,75.59,193.58,1.96,24.9,11.03,1.12,37.73,18.67,162.39,Moderately Polluted
2022-12-18,87.86,221.47,1.97,24.89,7.12,1.3,24.75,19.67,192.87,Moderately Polluted
2022-12-19,75.64,197.71,1.99,24.86,7.79,1.22,26.98,21.06,165.14,Moderately Polluted
2022-12-20,79.08,207.83,2.0,24.82,10.03,1.32,26.36,20.5,171.89,Moderately Polluted
2022-12-21,94.02,240.77,2.0,24.73,8.56,1.51,26.81,20.25,213.4,Poor
2022-12-22,85.38,229.21,5.6,24.84,10.21,1.42,29.35,19.75,186.14,Moderately Polluted
2022-12-23,84.66,220.54,12.02,24.83,9.99,1.7,30.84,20.26,182.2,Moderately Polluted
2022-12-24,91.78,231.78,11.99,24.86,10.98,1.85,32.16,21.35,205.93,Poor
2022-12-25,52.54,126.09,12.02,24.86,10.67,0.71,35.06,22.99,117.39,Moderately Polluted
2022-12-26,32.87,80.33,11.99,24.86,7.24,0.58,28.51,24.02,80.33,Satisfactory
2022-12-27,38.33,96.18,12.15,24.48,7.74,0.66,25.49,24.32,96.18,Satisfactory
2022-12-28,61.45,170.22,12.03,21.77,8.37,0.9,41.18,22.81,146.81,Moderately Polluted
2022-12-29,57.54,153.08,12.18,21.17,9.84,0.82,45.21,19.78,135.39,Moderately Polluted
2022-12-30,79.79,197.27,12.21,21.13,12.65,1.16,34.21,19.2,165.97,Moderately Polluted
2022-12-31,104.69,268.79,11.75,21.13,4.81,1.43,3.8,16.98,248.97,Poor
